-- MySQL dump 10.13  Distrib 5.7.27, for Linux (x86_64)
--
-- Host: localhost    Database: stream_media_server
-- ------------------------------------------------------
-- Server version	5.7.27-0ubuntu0.18.04.1

/*!40101 SET @OLD_CHARACTER_SET_CLIENT=@@CHARACTER_SET_CLIENT */;
/*!40101 SET @OLD_CHARACTER_SET_RESULTS=@@CHARACTER_SET_RESULTS */;
/*!40101 SET @OLD_COLLATION_CONNECTION=@@COLLATION_CONNECTION */;
/*!40101 SET NAMES utf8 */;
/*!40103 SET @OLD_TIME_ZONE=@@TIME_ZONE */;
/*!40103 SET TIME_ZONE='+00:00' */;
/*!40014 SET @OLD_UNIQUE_CHECKS=@@UNIQUE_CHECKS, UNIQUE_CHECKS=0 */;
/*!40014 SET @OLD_FOREIGN_KEY_CHECKS=@@FOREIGN_KEY_CHECKS, FOREIGN_KEY_CHECKS=0 */;
/*!40101 SET @OLD_SQL_MODE=@@SQL_MODE, SQL_MODE='NO_AUTO_VALUE_ON_ZERO' */;
/*!40111 SET @OLD_SQL_NOTES=@@SQL_NOTES, SQL_NOTES=0 */;

--
-- Table structure for table `audio_pids_table`
--

DROP TABLE IF EXISTS `audio_pids_table`;
/*!40101 SET @saved_cs_client     = @@character_set_client */;
/*!40101 SET character_set_client = utf8 */;
CREATE TABLE `audio_pids_table` (
  `id` int(11) NOT NULL AUTO_INCREMENT COMMENT 'id',
  `board_id` int(11) NOT NULL COMMENT 'board id',
  `module_id` int(11) NOT NULL COMMENT 'module id',
  `program_id` int(11) NOT NULL COMMENT 'program id',
  `audio_pid` int(11) NOT NULL COMMENT 'audio pid',
  `language` int(11) NOT NULL COMMENT 'language',
  `type` int(11) NOT NULL COMMENT 'audio type',
  `modify_pid` int(11) NOT NULL DEFAULT '24' COMMENT 'modify pid',
  PRIMARY KEY (`id`)
) ENGINE=InnoDB AUTO_INCREMENT=924 DEFAULT CHARSET=utf8mb4 COLLATE=utf8mb4_unicode_ci COMMENT='audio table';
/*!40101 SET character_set_client = @saved_cs_client */;

--
-- Dumping data for table `audio_pids_table`
--

LOCK TABLES `audio_pids_table` WRITE;
/*!40000 ALTER TABLE `audio_pids_table` DISABLE KEYS */;
INSERT INTO `audio_pids_table` VALUES (584,1,0,389,660,18,0,660),(585,1,0,390,670,18,0,670),(586,1,0,391,680,18,0,680),(587,1,0,392,690,18,0,690),(588,1,0,393,700,18,0,700),(589,1,0,394,710,18,0,710),(590,1,0,395,720,18,0,720),(591,1,0,396,650,18,0,650),(592,1,0,397,730,18,0,730),(593,1,0,398,760,18,0,760),(594,1,0,399,5013,12,0,5013),(595,1,0,400,648,0,0,648),(596,1,0,400,649,0,0,649),(597,1,0,401,652,0,0,652),(598,1,0,401,653,0,0,653),(599,1,0,402,644,14,0,644),(600,1,0,402,645,18,0,645),(601,1,0,403,72,18,0,72),(602,1,0,403,73,18,0,73),(603,1,0,404,82,18,0,82),(604,1,0,405,92,18,0,92),(605,1,0,405,93,18,0,93),(606,1,0,406,52,18,0,52),(607,1,0,406,53,18,0,53),(608,1,0,407,337,0,0,337),(609,1,0,407,338,0,0,338),(610,1,0,408,362,0,0,362),(611,1,0,409,3003,18,0,3003),(612,1,0,410,3015,18,0,3015),(613,1,0,410,3018,0,0,3018),(614,1,0,410,3017,0,0,3017),(615,1,0,410,3019,0,0,3019),(616,1,0,411,3063,18,0,3063),(617,1,0,412,3074,18,0,3074),(618,1,0,413,1120,18,0,1120),(619,1,0,413,1122,21,0,1122),(620,1,0,414,101,0,0,101),(621,1,0,415,201,0,0,201),(622,1,0,416,301,0,0,301),(623,1,0,417,1201,0,0,1201),(624,1,0,418,701,0,0,701),(625,1,0,419,601,0,0,601),(626,1,0,420,1061,0,0,1061),(627,1,0,421,1071,0,0,1071),(628,1,0,421,1072,57,0,1072),(629,1,0,421,1073,18,0,1073),(630,1,0,421,1074,21,0,1074),(631,1,0,421,1075,23,0,1075),(632,1,0,421,1076,3,0,1076),(633,1,0,421,1077,6,0,1077),(634,1,0,422,1121,21,0,1121),(635,1,0,423,1401,0,0,1401),(636,1,0,424,1421,0,0,1421),(637,1,0,425,662,18,0,662),(638,1,0,426,3213,18,0,3213),(639,1,0,427,2009,0,0,2009),(640,1,0,428,2003,18,0,2003),(641,1,0,429,2076,0,0,2076),(642,1,0,429,2078,18,0,2078),(643,1,0,429,2079,0,0,2079),(644,1,0,430,2094,18,0,2094),(645,1,0,431,2039,0,0,2039),(646,1,0,431,2041,18,0,2041),(647,1,0,432,2104,18,0,2104),(648,1,0,433,2114,18,0,2114),(649,1,0,434,2134,18,0,2134),(650,1,0,435,2144,18,0,2144),(651,1,0,436,2154,18,0,2154),(652,1,0,437,1018,18,0,1018),(653,1,0,439,2175,18,5,2175),(654,1,0,439,2174,18,0,2174),(655,1,0,439,2176,0,0,2176),(656,1,0,440,2184,18,0,2184),(657,1,0,441,2194,0,0,2194),(658,1,0,442,671,18,0,671),(659,1,0,443,611,18,0,611),(660,1,0,444,791,12,0,791),(661,1,0,444,792,10,0,792),(662,1,0,444,793,53,0,793),(663,1,0,444,794,15,0,794),(664,1,0,445,801,18,0,801),(665,1,0,445,803,15,0,803),(666,1,0,446,811,18,0,811),(667,1,0,446,813,15,0,813),(668,1,0,447,821,18,0,821),(669,1,0,447,822,53,0,822),(670,1,0,447,823,15,0,823),(671,1,0,448,831,18,0,831),(672,1,0,448,832,15,0,832),(673,1,0,449,651,18,0,651),(674,1,0,450,691,18,0,691),(675,1,0,450,692,53,0,692),(676,1,0,450,693,15,0,693),(677,1,0,451,621,18,0,621),(678,1,0,451,622,53,0,622),(679,1,0,451,623,15,0,623),(680,1,0,452,732,18,0,732),(681,1,0,453,772,0,0,772),(682,1,0,454,722,18,0,722),(683,1,0,455,271,3,0,271),(684,1,0,456,602,18,0,602),(685,1,0,457,604,18,0,604),(686,1,0,458,610,18,0,610),(687,1,0,459,614,18,0,614),(688,1,0,460,608,18,0,608),(689,1,0,461,5013,18,0,5013),(690,1,0,462,801,18,0,801),(691,1,0,463,802,18,0,802),(692,1,0,464,803,18,0,803),(693,1,0,465,804,18,0,804),(694,1,0,466,805,18,0,805),(695,1,0,467,806,18,0,806),(696,1,0,468,807,18,0,807),(697,1,0,469,808,18,0,808),(698,1,0,470,809,18,0,809),(699,1,0,471,1000,18,0,1000),(700,1,0,472,5053,18,0,5053),(701,1,0,473,134,18,0,134),(702,1,0,474,2000,18,0,2000),(703,1,0,475,1200,18,0,1200),(704,1,0,476,1003,18,0,1003),(705,1,0,477,1602,18,0,1602),(706,1,0,478,1702,18,0,1702),(707,1,0,479,1802,18,0,1802),(708,1,0,480,1902,18,0,1902),(709,1,0,481,2002,18,0,2002),(710,1,0,482,2102,18,0,2102),(711,1,0,483,750,18,0,750),(712,1,0,483,751,0,0,751),(713,1,0,483,752,15,0,752),(714,1,0,483,753,28,0,753),(715,1,0,484,770,18,0,770),(716,1,0,484,771,0,0,771),(717,1,0,485,800,18,0,800),(718,1,0,485,801,18,0,801),(719,1,0,486,810,18,0,810),(720,1,0,486,811,0,0,811),(721,1,0,486,812,0,0,812),(722,1,0,486,813,53,0,813),(723,1,0,486,814,15,0,814),(724,1,0,486,815,28,0,815),(725,1,0,487,820,18,0,820),(726,1,0,487,821,0,0,821),(727,1,0,487,822,0,0,822),(728,1,0,487,823,53,0,823),(729,1,0,487,824,15,0,824),(730,1,0,487,825,28,0,825),(731,1,0,487,826,0,0,826),(732,1,0,488,831,18,0,831),(733,1,0,488,832,0,0,832),(734,1,0,488,833,0,0,833),(735,1,0,488,834,53,0,834),(736,1,0,488,835,15,0,835),(737,1,0,488,836,28,0,836),(738,1,0,489,690,18,0,690),(739,1,0,489,691,18,0,691),(740,1,0,492,86,0,0,86),(741,1,0,493,721,0,0,721),(742,1,0,494,722,0,0,722),(743,1,0,495,723,0,0,723),(744,1,0,496,724,0,0,724),(745,1,0,497,734,0,0,734),(746,1,0,498,732,0,0,732),(747,1,0,499,846,0,0,846),(748,1,0,500,881,6,0,881),(749,1,0,501,886,0,0,886),(750,1,0,502,906,0,0,906),(751,1,0,503,911,0,0,911),(752,1,0,504,922,0,0,922),(753,1,0,505,660,18,0,660),(754,1,0,506,644,18,0,644),(755,1,0,507,676,0,0,676),(756,1,0,508,652,0,0,652),(757,1,0,509,636,0,0,636),(758,1,0,510,680,0,0,680),(759,1,0,511,632,0,0,632),(760,1,0,511,633,0,0,633),(761,1,0,512,672,0,0,672),(762,1,0,513,656,0,0,656),(763,1,0,513,657,18,0,657),(764,1,0,514,612,0,0,612),(765,1,0,514,613,0,0,613),(766,1,0,515,636,0,0,636),(767,1,0,515,637,0,0,637),(768,1,0,516,604,0,0,604),(769,1,0,517,652,0,0,652),(770,1,0,517,653,18,0,653),(771,1,0,517,654,0,0,654),(772,1,0,518,676,0,0,676),(773,1,0,519,660,18,0,660),(774,1,0,520,680,0,0,680),(775,1,0,520,681,0,0,681),(776,1,0,521,656,0,0,656),(777,1,0,521,657,18,0,657),(778,1,0,522,644,18,0,644),(779,1,0,523,653,18,0,653),(780,1,0,524,654,0,0,654),(781,1,0,525,672,0,0,672),(782,1,0,526,604,0,0,604),(783,1,0,527,632,0,0,632),(784,1,0,527,633,0,0,633),(785,1,0,528,636,0,0,636),(786,1,0,528,637,0,0,637),(787,1,0,529,604,0,0,604),(788,1,0,530,612,0,0,612),(789,1,0,530,613,0,0,613),(790,1,0,531,611,18,0,611),(791,1,0,531,612,15,0,612),(792,1,0,532,631,18,0,631),(793,1,0,532,633,53,0,633),(794,1,0,532,634,15,0,634),(795,1,0,532,635,59,0,635),(796,1,0,533,791,18,0,791),(797,1,0,533,792,12,0,792),(798,1,0,533,793,10,0,793),(799,1,0,533,794,0,0,794),(800,1,0,533,795,53,0,795),(801,1,0,533,796,15,0,796),(802,1,0,533,797,0,0,797),(803,1,0,534,801,18,0,801),(804,1,0,534,803,10,0,803),(805,1,0,534,804,53,0,804),(806,1,0,534,805,15,0,805),(807,1,0,535,811,18,0,811),(808,1,0,535,812,15,0,812),(809,1,0,535,813,53,0,813),(810,1,0,536,821,18,0,821),(811,1,0,536,822,12,0,822),(812,1,0,536,823,10,0,823),(813,1,0,536,824,0,0,824),(814,1,0,536,825,53,0,825),(815,1,0,536,826,0,0,826),(816,1,0,536,827,0,0,827),(817,1,0,536,828,15,0,828),(818,1,0,537,831,18,0,831),(819,1,0,537,832,0,0,832),(820,1,0,537,833,53,0,833),(821,1,0,537,834,15,0,834),(822,1,0,538,841,10,0,841),(823,1,0,538,842,12,0,842),(824,1,0,538,843,53,0,843),(825,1,0,538,844,15,0,844),(826,1,0,539,81,0,0,81),(827,1,0,540,39,0,0,39),(828,1,0,541,49,0,0,49),(829,1,0,542,650,0,0,650),(830,1,0,543,660,0,0,660),(831,1,0,544,45,0,0,45),(832,1,0,545,680,0,0,680),(833,1,0,546,690,0,0,690),(834,1,0,547,700,0,0,700),(835,1,0,548,710,0,0,710),(836,1,0,549,720,0,0,720),(837,1,0,550,730,0,0,730),(838,1,0,551,35,0,0,35),(839,1,0,552,600,18,0,600),(840,1,0,553,601,18,0,601),(841,1,0,554,602,18,0,602),(842,1,0,555,603,18,0,603),(843,1,0,556,604,18,0,604),(844,1,0,557,605,18,0,605),(845,1,0,558,275,18,0,275),(846,1,0,559,607,18,0,607),(847,1,0,560,608,18,0,608),(848,1,0,561,556,18,0,556),(849,1,0,562,612,18,0,612),(850,1,0,563,614,18,0,614),(851,1,0,564,615,18,0,615),(852,1,0,565,609,18,0,609),(853,1,0,566,613,18,0,613),(854,1,0,567,101,0,0,101),(855,1,0,568,601,0,0,601),(856,1,0,569,401,0,0,401),(857,1,0,570,34,0,0,34),(858,1,0,571,1201,0,0,1201),(859,1,0,572,558,0,0,558),(860,1,0,573,556,0,0,556),(861,1,0,574,32,0,0,32),(862,1,0,575,35,0,0,35),(863,1,0,576,38,0,0,38),(864,1,0,577,41,0,0,41),(865,1,0,578,44,0,0,44),(866,1,0,579,47,0,0,47),(867,1,0,580,33,18,0,33),(868,1,0,581,44,0,0,44),(869,1,0,581,45,0,5,45),(870,1,0,582,96,0,0,96),(871,1,0,582,2902,0,0,2902),(872,1,0,583,4102,18,0,4102),(873,1,0,583,4103,18,0,4103),(874,1,0,584,4112,18,0,4112),(875,1,0,586,3313,18,0,3313),(876,1,0,587,92,18,0,92),(877,1,0,588,4203,18,0,4203),(878,1,0,589,5701,0,0,5701),(879,1,0,589,5703,18,0,5703),(880,1,0,590,37,0,0,37),(881,1,0,590,40,0,0,40),(882,1,0,591,88,18,0,88),(883,1,0,592,2164,18,0,2164),(884,1,0,593,39,0,0,39),(885,1,0,594,2183,0,0,2183),(886,1,0,595,4153,0,0,4153),(887,1,0,596,601,18,0,601),(888,1,0,597,701,18,0,701),(889,1,0,598,801,18,0,801),(890,1,0,599,2001,18,0,2001),(891,1,0,600,613,18,0,613),(892,1,0,601,501,18,0,501),(893,1,0,602,1001,18,0,1001),(894,1,0,603,1003,18,0,1003),(895,1,0,604,1116,18,0,1116),(896,1,0,605,1117,18,0,1117),(897,1,0,606,1217,18,0,1217),(898,1,0,607,617,18,0,617),(899,1,0,608,616,18,0,616),(900,1,0,609,618,18,0,618),(901,1,0,610,901,0,0,901),(902,1,0,611,614,18,0,614),(903,1,0,612,615,18,0,615),(904,1,0,613,2234,18,0,2234),(905,1,0,614,101,18,0,101),(906,1,0,615,201,18,0,201),(907,1,0,616,301,18,0,301),(908,1,0,617,601,18,0,601),(909,1,0,618,501,18,0,501),(910,1,0,619,801,18,0,801),(911,1,0,620,901,18,0,901),(912,1,0,621,1101,18,0,1101),(913,1,0,622,279,0,0,279),(914,1,0,622,280,0,0,280),(915,1,0,623,512,18,0,512),(916,1,0,624,514,18,0,514),(917,1,0,625,516,18,0,516),(918,1,0,626,518,18,0,518),(919,1,0,627,520,18,0,520),(920,1,0,628,522,18,0,522),(921,1,0,629,524,18,0,524),(922,1,0,630,526,18,0,526),(923,1,0,631,528,18,0,528);
/*!40000 ALTER TABLE `audio_pids_table` ENABLE KEYS */;
UNLOCK TABLES;

--
-- Table structure for table `channel_record`
--

DROP TABLE IF EXISTS `channel_record`;
/*!40101 SET @saved_cs_client     = @@character_set_client */;
/*!40101 SET character_set_client = utf8 */;
CREATE TABLE `channel_record` (
  `id` int(11) NOT NULL AUTO_INCREMENT,
  `channel_id` varchar(128) DEFAULT NULL,
  `channel_name` varchar(512) DEFAULT NULL,
  `source_url` varchar(1024) DEFAULT NULL,
  `on_demand` int(11) DEFAULT NULL,
  `store_time` int(11) DEFAULT NULL,
  `state` int(11) DEFAULT NULL,
  `select_app` varchar(45) DEFAULT NULL,
  `create_time` datetime DEFAULT NULL,
  `update_time` datetime DEFAULT NULL,
  `issue_time` datetime DEFAULT NULL,
  `issue_state` int(11) DEFAULT NULL,
  `bitrate` int(11) DEFAULT NULL,
  `speed` int(11) DEFAULT NULL,
  `stored_time` int(11) DEFAULT NULL,
  `origin` varchar(512) DEFAULT NULL,
  `board_id` int(11) DEFAULT NULL,
  `module_id` int(11) DEFAULT NULL,
  `hls_out_mode` int(11) DEFAULT NULL,
  `hls_out_ip` varchar(256) DEFAULT NULL,
  `hls_out_port` int(11) DEFAULT NULL,
  PRIMARY KEY (`id`)
) ENGINE=InnoDB AUTO_INCREMENT=14 DEFAULT CHARSET=utf8;
/*!40101 SET character_set_client = @saved_cs_client */;

--
-- Dumping data for table `channel_record`
--

LOCK TABLES `channel_record` WRITE;
/*!40000 ALTER TABLE `channel_record` DISABLE KEYS */;
/*!40000 ALTER TABLE `channel_record` ENABLE KEYS */;
UNLOCK TABLES;

--
-- Table structure for table `lock_signal_table`
--

DROP TABLE IF EXISTS `lock_signal_table`;
/*!40101 SET @saved_cs_client     = @@character_set_client */;
/*!40101 SET character_set_client = utf8 */;
CREATE TABLE `lock_signal_table` (
  `board_id` int(11) NOT NULL COMMENT 'board id',
  `module_id` int(11) NOT NULL COMMENT 'module id',
  `sat_id` int(11) DEFAULT '0' COMMENT 'sat id',
  `tp_id` int(11) DEFAULT NULL COMMENT 'tp_id',
  `status` int(11) NOT NULL DEFAULT '0' COMMENT 'run status',
  PRIMARY KEY (`board_id`,`module_id`)
) ENGINE=InnoDB DEFAULT CHARSET=utf8mb4 COLLATE=utf8mb4_unicode_ci COMMENT='lock signal table';
/*!40101 SET character_set_client = @saved_cs_client */;

--
-- Dumping data for table `lock_signal_table`
--

LOCK TABLES `lock_signal_table` WRITE;
/*!40000 ALTER TABLE `lock_signal_table` DISABLE KEYS */;
INSERT INTO `lock_signal_table` VALUES (0,0,0,0,0),(0,1,0,0,0),(0,2,0,0,0),(0,3,0,0,0),(0,4,0,0,0),(0,5,0,0,0),(1,0,93,2311,1),(1,1,93,2283,1),(1,2,0,0,0),(1,3,0,0,0),(1,4,0,0,0),(1,5,0,0,0),(2,0,0,0,0),(2,1,0,0,0),(2,2,0,0,0),(2,3,0,0,0),(2,4,0,0,0),(2,5,0,0,0),(3,0,0,0,0),(3,1,0,0,0),(3,2,0,0,0),(3,3,0,0,0),(3,4,0,0,0),(3,5,0,0,0),(4,0,0,0,0),(4,1,0,0,0),(4,2,0,0,0),(4,3,0,0,0),(4,4,0,0,0),(4,5,0,0,0);
/*!40000 ALTER TABLE `lock_signal_table` ENABLE KEYS */;
UNLOCK TABLES;

--
-- Table structure for table `newcamd_config`
--

DROP TABLE IF EXISTS `newcamd_config`;
/*!40101 SET @saved_cs_client     = @@character_set_client */;
/*!40101 SET character_set_client = utf8 */;
CREATE TABLE `newcamd_config` (
  `id` int(11) NOT NULL AUTO_INCREMENT,
  `board_id` int(11) NOT NULL COMMENT 'board id',
  `module_id` int(11) NOT NULL COMMENT 'module id',
  `ncd_index` int(11) NOT NULL,
  `server_ip` varchar(100) COLLATE utf8mb4_unicode_ci NOT NULL COMMENT 'server ip',
  `server_port` int(11) NOT NULL COMMENT 'server port',
  `username` varchar(100) COLLATE utf8mb4_unicode_ci NOT NULL,
  `password` varchar(100) COLLATE utf8mb4_unicode_ci NOT NULL,
  `key` varchar(100) COLLATE utf8mb4_unicode_ci NOT NULL,
  `channel` varchar(2048) COLLATE utf8mb4_unicode_ci NOT NULL,
  PRIMARY KEY (`id`),
  UNIQUE KEY `board_id` (`board_id`,`module_id`,`ncd_index`)
) ENGINE=InnoDB DEFAULT CHARSET=utf8mb4 COLLATE=utf8mb4_unicode_ci COMMENT='newcamd_config';
/*!40101 SET character_set_client = @saved_cs_client */;

--
-- Dumping data for table `newcamd_config`
--

LOCK TABLES `newcamd_config` WRITE;
/*!40000 ALTER TABLE `newcamd_config` DISABLE KEYS */;
/*!40000 ALTER TABLE `newcamd_config` ENABLE KEYS */;
UNLOCK TABLES;

--
-- Table structure for table `output_config_table`
--

DROP TABLE IF EXISTS `output_config_table`;
/*!40101 SET @saved_cs_client     = @@character_set_client */;
/*!40101 SET character_set_client = utf8 */;
CREATE TABLE `output_config_table` (
  `id` int(11) NOT NULL AUTO_INCREMENT COMMENT 'id',
  `board_id` int(11) NOT NULL COMMENT 'board id',
  `module_id` int(11) NOT NULL COMMENT 'module id',
  `type` int(11) NOT NULL DEFAULT '0' COMMENT 'collect type',
  `set_pids` varchar(256) COLLATE utf8mb4_unicode_ci DEFAULT NULL COMMENT 'set pids',
  `program_id` int(11) DEFAULT NULL COMMENT 'program id ',
  `audio_pids` varchar(256) COLLATE utf8mb4_unicode_ci DEFAULT NULL COMMENT 'audio pids',
  `subtitle_pids` varchar(256) COLLATE utf8mb4_unicode_ci DEFAULT NULL COMMENT 'subtitle pids',
  `out_mode` int(11) NOT NULL COMMENT 'output mode',
  `out_ip` varchar(256) COLLATE utf8mb4_unicode_ci DEFAULT NULL COMMENT 'out ip',
  `out_port` int(11) DEFAULT NULL COMMENT 'out port',
  `out_state` int(11) NOT NULL DEFAULT '0' COMMENT 'run state',
  `lable_id` varchar(256) COLLATE utf8mb4_unicode_ci NOT NULL COMMENT 'lable_id',
  `hls_out_mode` int(11) NOT NULL COMMENT 'hls output mode',
  `hls_out_ip` varchar(256) COLLATE utf8mb4_unicode_ci DEFAULT NULL COMMENT 'hls out ip',
  `hls_out_port` varchar(256) COLLATE utf8mb4_unicode_ci DEFAULT NULL COMMENT 'hls out port',
  PRIMARY KEY (`id`)
) ENGINE=InnoDB AUTO_INCREMENT=30 DEFAULT CHARSET=utf8mb4 COLLATE=utf8mb4_unicode_ci COMMENT='output table';
/*!40101 SET character_set_client = @saved_cs_client */;

--
-- Dumping data for table `output_config_table`
--

LOCK TABLES `output_config_table` WRITE;
/*!40000 ALTER TABLE `output_config_table` DISABLE KEYS */;
/*!40000 ALTER TABLE `output_config_table` ENABLE KEYS */;
UNLOCK TABLES;

--
-- Table structure for table `private_config`
--

DROP TABLE IF EXISTS `private_config`;
/*!40101 SET @saved_cs_client     = @@character_set_client */;
/*!40101 SET character_set_client = utf8 */;
CREATE TABLE `private_config` (
  `id` int(11) NOT NULL AUTO_INCREMENT,
  `server_ip` varchar(100) COLLATE utf8mb4_unicode_ci NOT NULL,
  `backup_server_ip` varchar(100) COLLATE utf8mb4_unicode_ci NOT NULL,
  `server_port` int(11) NOT NULL,
  PRIMARY KEY (`id`)
) ENGINE=InnoDB DEFAULT CHARSET=utf8mb4 COLLATE=utf8mb4_unicode_ci COMMENT='private ';
/*!40101 SET character_set_client = @saved_cs_client */;

--
-- Dumping data for table `private_config`
--

LOCK TABLES `private_config` WRITE;
/*!40000 ALTER TABLE `private_config` DISABLE KEYS */;
/*!40000 ALTER TABLE `private_config` ENABLE KEYS */;
UNLOCK TABLES;

--
-- Table structure for table `programs_table`
--

DROP TABLE IF EXISTS `programs_table`;
/*!40101 SET @saved_cs_client     = @@character_set_client */;
/*!40101 SET character_set_client = utf8 */;
CREATE TABLE `programs_table` (
  `id` int(11) NOT NULL AUTO_INCREMENT COMMENT 'id',
  `board_id` int(11) NOT NULL COMMENT 'board id',
  `module_id` int(11) NOT NULL COMMENT 'module id',
  `tp_id` int(11) NOT NULL COMMENT 'tp id',
  `service_name` varchar(27) COLLATE utf8mb4_unicode_ci NOT NULL COMMENT 'programe name',
  `pmt_pid` int(11) NOT NULL COMMENT 'pmt pid',
  `service_id` int(11) NOT NULL COMMENT 'service id',
  `pcr_pid` int(11) NOT NULL COMMENT 'pcr pid',
  `vid_pid` int(11) NOT NULL COMMENT 'vid pid',
  `ecm_pids` varchar(256) COLLATE utf8mb4_unicode_ci DEFAULT NULL COMMENT 'ecm pids',
  `ca_system_ids` varchar(256) COLLATE utf8mb4_unicode_ci DEFAULT NULL COMMENT 'ca system ids',
  `tv_type` int(11) NOT NULL COMMENT 'program type',
  `ca_type` int(11) NOT NULL COMMENT 'ca type',
  `video_modify_pid` int(11) NOT NULL DEFAULT '25' COMMENT 'video modify pid',
  PRIMARY KEY (`id`)
) ENGINE=InnoDB AUTO_INCREMENT=632 DEFAULT CHARSET=utf8mb4 COLLATE=utf8mb4_unicode_ci COMMENT='program table';
/*!40101 SET character_set_client = @saved_cs_client */;

--
-- Dumping data for table `programs_table`
--

LOCK TABLES `programs_table` WRITE;
/*!40000 ALTER TABLE `programs_table` DISABLE KEYS */;
INSERT INTO `programs_table` VALUES (389,1,0,2283,'Sahara NAT',257,2,513,513,'','',0,0,513),(390,1,0,2283,'Sahara NCR',258,3,514,514,'','',0,0,514),(391,1,0,2283,'Sahara MUM',259,4,515,515,'','',0,0,515),(392,1,0,2283,'Sahara UP',260,5,516,516,'','',0,0,516),(393,1,0,2283,'Sahara  BIH',261,6,517,517,'','',0,0,517),(394,1,0,2283,'Aalami Sahara',262,7,518,518,'','',0,0,518),(395,1,0,2283,'Sahara MP',263,8,519,519,'','',0,0,519),(396,1,0,2283,'Sahara ONE',256,1,512,512,'','',0,0,512),(397,1,0,2283,'Sahara Filmi',264,9,520,520,'','',0,0,520),(398,1,0,2283,'FIRANGI',265,12,523,523,'','',0,0,523),(399,1,0,2284,'PEACE TV - CHINESE',5011,501,5012,5012,'','',0,0,5012),(400,1,0,2287,'XING KONG',257,745,514,514,'','',0,0,514),(401,1,0,2287,'Channel [V]',259,747,515,515,'','',0,0,515),(402,1,0,2287,'XINGKONG INT',258,748,513,513,'','',0,32768,513),(403,1,0,2354,'ABP ANANDA',34,3,71,71,'','',0,0,71),(404,1,0,2354,'ABP MAJHA',35,4,81,81,'','',0,0,81),(405,1,0,2354,'ABP ASMITA',36,5,91,91,'','',0,0,91),(406,1,0,2354,'ABP NEWS ',32,1,51,51,'','',0,0,51),(407,1,0,2355,'Sristy_TV',4096,1,336,336,'','',0,0,336),(408,1,0,2355,'STV BANGLA_TEST',360,3,361,361,'','',0,0,361),(409,1,0,2290,'ZEE CAFE -NEW',3001,3000,3002,3002,'','',0,32768,3002),(410,1,0,2290,'&FLIX',3013,3012,3014,3014,'','',0,32768,3014),(411,1,0,2290,'ZEE BANGLA INTL',3061,3060,3062,3062,'','',0,32768,3062),(412,1,0,2290,'ZEE CINEMA ME NEW',3072,3071,3073,3073,'','',0,32768,3073),(413,1,0,2291,'CNAI HD 1080i 25',256,1,1160,1160,'','',0,0,1160),(414,1,0,2294,'Cinemachi Kids',257,1,100,100,'','',0,32768,100),(415,1,0,2294,'Sky Cinema',258,2,200,200,'','',0,0,200),(416,1,0,2294,'MAX TV',259,3,300,300,'','',0,0,300),(417,1,0,2294,'Star Entertainment',1204,4,1200,1200,'','',0,0,1200),(418,1,0,2294,'Joshua TV',704,5,700,700,'','',0,0,700),(419,1,0,2294,'BAHAR HD',604,6,600,600,'','',0,0,600),(420,1,0,2296,'Russia Today',5006,6,1060,1060,'','',0,0,1060),(421,1,0,2296,'Muslim TV',5007,7,8190,1070,'','',0,0,1070),(422,1,0,2296,'TV5',5012,12,1120,1120,'','',0,0,1120),(423,1,0,2296,'RFI Francais',5040,40,1401,8191,'','',1,0,8191),(424,1,0,2296,'RFI Cambodge',5042,42,1421,8191,'','',1,0,8191),(425,1,0,2296,'Sun TV',660,16,664,661,'','',0,0,661),(426,1,0,2296,'Ahlebait TV',3210,20,3211,3212,'','',0,0,3212),(427,1,0,2299,'ZEE BOLLYWOOD',2007,2006,2008,2008,'','',0,32768,2008),(428,1,0,2299,'ZEE ACTION NEW',2001,2000,2002,2002,'','',0,32768,2002),(429,1,0,2299,'LIVING FOODZ',2074,2073,2075,2075,'','',0,32768,2075),(430,1,0,2299,'ETC',2092,2091,2093,2093,'','',0,0,2093),(431,1,0,2299,'Test-Nod',2037,2036,2038,2038,'','',0,32768,2038),(432,1,0,2299,'ZEE RAJASTHAN NEWS',2102,2101,2103,2103,'','',0,0,2103),(433,1,0,2299,'& PICTURES',2112,2111,2113,2113,'','',0,32768,2113),(434,1,0,2299,'& TV',2132,2131,2133,2133,'','',0,32768,2133),(435,1,0,2299,'ZEE CINEMALU',2142,2141,2143,2143,'','',0,32768,2143),(436,1,0,2299,'ZEE YUVA',2152,2151,2153,2153,'','',0,32768,2153),(437,1,0,2299,'ANMOL CINEMA',1016,49,1017,1017,'','',0,32768,1017),(438,1,0,2299,'OTA',290,230,8191,8191,'','',1,32768,8191),(439,1,0,2299,'& PRIVE HD',2172,2171,2173,2173,'','',0,32768,2173),(440,1,0,2299,'ZEE KERALAM',2182,69,2183,2183,'','',0,32768,2183),(441,1,0,2299,'ZEE CLASSIC',2192,2191,2193,2193,'','',0,32768,2193),(442,1,0,2300,'1114 Star Movies China SD',262,1114,518,518,'','',0,32768,518),(443,1,0,2300,'1120 Sky News SD',256,1120,512,512,'','',0,32768,512),(444,1,0,2300,'1348 SCM SEA HD',281,1348,531,531,'','',0,32768,531),(445,1,0,2300,'1349 Channel [V] Intl HD',282,1349,532,532,'','',0,32768,532),(446,1,0,2300,'1350 Fox Movies Philippines',283,1350,533,533,'','',0,32768,533),(447,1,0,2300,'1351 NG People HD',284,1351,534,534,'','',0,32768,534),(448,1,0,2300,'1352 Fox Life Malaysia HD',285,1352,535,535,'','',0,32768,535),(449,1,0,2300,'1353 Fox News HD',260,1353,516,516,'','',0,32768,516),(450,1,0,2300,'1362 Fox Crime HD',264,1362,520,520,'','',0,32768,520),(451,1,0,2300,'1363 Fox Thailand HD',257,1363,513,513,'','',0,32768,513),(452,1,0,2302,'ISAAC TV',730,4,731,731,'','',0,0,731),(453,1,0,2302,'Al Jazeera English',770,18,771,771,'','',0,0,771),(454,1,0,2302,'HADI TV',720,25,721,721,'','',0,0,721),(455,1,0,2302,'Al Jazeera Arabic',256,21,270,270,'','',0,0,270),(456,1,0,2304,'Praise  TV',257,50,601,601,'','',0,0,601),(457,1,0,2304,'Z Plus',258,51,603,603,'','',0,0,603),(458,1,0,2304,'Love of Jesus TV HD',32,53,609,609,'','',0,0,609),(459,1,0,2304,'PMI',260,54,613,613,'','',0,0,613),(460,1,0,2304,'Shine Star TV',260,55,607,607,'','',0,0,607),(461,1,0,2304,'Partys',480,56,5012,5012,'','',0,0,5012),(462,1,0,2306,'UNKNOWN',41,1,701,701,'','',0,0,701),(463,1,0,2306,'UNKNOWN',40,2,702,702,'','',0,0,702),(464,1,0,2306,'UNKNOWN',35,3,703,703,'','',0,0,703),(465,1,0,2306,'UNKNOWN',38,4,704,704,'','',0,0,704),(466,1,0,2306,'UNKNOWN',39,5,705,705,'','',0,0,705),(467,1,0,2306,'UNKNOWN',34,6,706,706,'','',0,0,706),(468,1,0,2306,'UNKNOWN',37,7,707,707,'','',0,0,707),(469,1,0,2306,'UNKNOWN',33,8,708,708,'','',0,0,708),(470,1,0,2306,'UNKNOWN',32,9,709,709,'','',0,0,709),(471,1,0,2306,'UNKNOWN',36,10,800,800,'','',0,0,800),(472,1,0,2306,'UNKNOWN',45,11,5052,5052,'','',0,0,5052),(473,1,0,2306,'UNKNOWN',44,12,133,133,'','',0,0,133),(474,1,0,2306,'UNKNOWN',43,13,1002,1002,'','',0,0,1002),(475,1,0,2306,'UNKNOWN',42,14,1100,1100,'','',0,0,1100),(476,1,0,2306,'UNKNOWN',46,15,1001,1001,'','',0,0,1001),(477,1,0,2306,'UNKNOWN',47,16,1601,1601,'','',0,0,1601),(478,1,0,2306,'UNKNOWN',48,17,1701,1701,'','',0,0,1701),(479,1,0,2306,'UNKNOWN',49,18,1801,1801,'','',0,0,1801),(480,1,0,2306,'UNKNOWN',50,19,1901,1901,'','',0,0,1901),(481,1,0,2306,'UNKNOWN',51,20,2001,2001,'','',0,0,2001),(482,1,0,2306,'UNKNOWN',52,41,2101,2101,'','',0,0,2101),(483,1,0,2307,'FS Indonesia',111,11,522,522,'','',0,32768,522),(484,1,0,2307,'FS HD Philippines',113,13,524,524,'','',0,32768,524),(485,1,0,2307,'SS HD',116,16,527,527,'','',0,32768,527),(486,1,0,2307,'FS SEA',118,17,528,528,'','',0,32768,528),(487,1,0,2307,'Fox Sports 3 HD ',119,18,529,529,'','',0,32768,529),(488,1,0,2307,'Fox Sports 2 HD',120,19,530,530,'','',0,32768,530),(489,1,0,2307,'Star Sports 2 China',105,222,516,516,'','',0,32768,516),(490,1,0,2308,'BDL',4864,180,8191,8191,'','',1,32768,8191),(491,1,0,2308,'DMS',4895,181,8191,8191,'','',1,32768,8191),(492,1,0,2308,'IEPG',86,182,8190,8191,'','',1,0,8191),(493,1,0,2308,'ASIANET ',32,1902,701,701,'7130','2478',0,32768,701),(494,1,0,2308,'ASIANET PLUS',33,1903,702,702,'7134','2478',0,32768,702),(495,1,0,2308,'SUVARNA',41,1904,703,703,'7135','2478',0,32768,703),(496,1,0,2308,'STAR VIJAY',44,1906,704,704,'7137','2478',0,32768,704),(497,1,0,2308,'ASIANET MOVIES',38,1907,707,707,'7139','2478',0,32768,707),(498,1,0,2308,'SUVARNA PLUS',39,1908,706,706,'7140','2478',0,32768,706),(499,1,0,2308,'Movies OK',46,6008,806,806,'7126','2478',0,32768,806),(500,1,0,2308,'STAR Jalsa',43,6041,825,825,'7161','2478',0,32768,825),(501,1,0,2308,'STAR Pravah',40,6051,831,831,'7166','2478',0,32768,831),(502,1,0,2308,'Star Gold Select',47,6086,903,903,'7186','2478',0,32768,903),(503,1,0,2308,'Star Sports Select 2',42,6091,909,909,'7191','2478',0,32768,909),(504,1,0,2308,'Jalsha Movies',36,6101,921,921,'7200','2478',0,32768,921),(505,1,0,2310,'STAR Movies',256,11,517,517,'1360','2478',0,32768,517),(506,1,0,2310,'STAR World',257,12,513,513,'1366','2478',0,32768,513),(507,1,0,2310,'STAR Plus',258,13,521,521,'1361','2478',0,32768,521),(508,1,0,2310,'Star Sports 3',259,17,8190,515,'1369','2478',0,32768,515),(509,1,0,2310,'STAR Gold Int\'l',356,26,531,531,'1571','2478',0,32768,531),(510,1,0,2310,'STAR Gold',260,27,522,522,'1363','2478',0,32768,522),(511,1,0,2310,'35 Life OK ME',33,35,530,530,'1577','2478',0,32768,530),(512,1,0,2310,'Star Bharat',261,37,520,520,'1372','2478',0,32768,520),(513,1,0,2310,'STAR UTSAV',262,39,516,516,'1380','2478',0,32768,516),(514,1,0,2310,'40 STAR Plus SEA',32,40,8190,535,'1564,1565','2478,2478',0,32768,535),(515,1,0,2310,'42 STAR Gold Int\'l',34,42,531,531,'1571,1581','2478,2478',0,32768,531),(516,1,0,2310,'STAR Plus',357,51,533,533,'1566','2478',0,32768,533),(517,1,0,2310,'511 Star Sports 3',264,1511,8190,515,'1369,1370','2478,2478',0,32768,515),(518,1,0,2310,'702 STAR PLUS',265,1702,521,521,'1361','2478',0,32768,521),(519,1,0,2310,'704 STAR Movies',266,1704,517,517,'1360','2478',0,32768,517),(520,1,0,2310,'707 STAR GOLD',267,1707,522,522,'1363,1364','2478,2478',0,32768,522),(521,1,0,2310,'735 STAR Utsav',268,1735,516,516,'','',0,32768,516),(522,1,0,2310,'751 Star World India',269,1751,513,513,'1366','2478',0,32768,513),(523,1,0,2310,'752 Star Sports 3',270,1752,8190,515,'1369,1370','2478,2478',0,32768,515),(524,1,0,2310,'753 Star Sports 3',35,1753,8190,515,'1369,1370','2478,2478',0,32768,515),(525,1,0,2310,'777 Star Bharat',272,1777,520,520,'1372','2478',0,32768,520),(526,1,0,2310,'803 STAR Plus',358,1803,533,533,'1566','2478',0,32768,533),(527,1,0,2310,'814 Star Bharat ME',359,1814,530,530,'1577,1578','2478,2478',0,32768,530),(528,1,0,2310,'825 STAR Gold Int\'l',360,1825,531,531,'1571,1581','2478,2478',0,32768,531),(529,1,0,2310,'885 STAR Plus',361,1885,533,533,'1566','2478',0,32768,533),(530,1,0,2310,'886 STAR Plus SEA',362,1886,8190,535,'1564,1565','2478,2478',0,32768,535),(531,1,0,2311,'1354 Fox Life HD',256,1354,512,512,'','',0,32768,512),(532,1,0,2311,'1355 Fox Movies HD',258,1355,514,514,'','',0,32768,514),(533,1,0,2311,'1356 Fox Family Movies HD',281,1356,531,531,'','',0,32768,531),(534,1,0,2311,'1357 NGC HD',282,1357,532,532,'','',0,32768,532),(535,1,0,2311,'1358 FX HD',283,1358,533,533,'','',0,32768,533),(536,1,0,2311,'1359 NG Wild HD',284,1359,534,534,'','',0,32768,534),(537,1,0,2311,'1360 Fox HD',285,1360,535,535,'','',0,32768,535),(538,1,0,2311,'1361 SCM Legend HD',286,1361,536,536,'','',0,32768,536),(539,1,0,2314,'ARYZindagi',33,1,80,80,'','',0,0,80),(540,1,0,2314,'Nick',44,2,40,40,'1282','1570',0,32768,40),(541,1,0,2314,'ARYFamily',51,3,50,50,'','',0,0,50),(542,1,0,2314,'ARYDigitalAsia',58,5,512,512,'','',0,0,512),(543,1,0,2314,'ARYDigitalUK',36,6,513,513,'1286','1570',0,32768,513),(544,1,0,2314,'ARYQTV',46,7,514,514,'','',0,0,514),(545,1,0,2314,'ARYMusik',41,8,515,515,'','',0,0,515),(546,1,0,2314,'ARYDigitalME',42,9,516,516,'1289','1570',0,32768,516),(547,1,0,2314,'ARYNewsUSA',43,10,517,517,'1296','1570',0,32768,517),(548,1,0,2314,'ARYNewsAsia',37,11,518,518,'','',0,0,518),(549,1,0,2314,'HBO',34,12,519,519,'1298','1570',0,32768,519),(550,1,0,2314,'ARYDigitalUSA',38,13,520,520,'1299','1570',0,32768,520),(551,1,0,2314,'FEED',48,14,47,47,'1300','1570',0,32768,47),(552,1,0,2315,'Silver Sereen',461,1,500,500,'','',0,0,500),(553,1,0,2315,'Cinemax',462,2,501,501,'','',0,0,501),(554,1,0,2315,'Z  Action',463,3,502,502,'','',0,0,502),(555,1,0,2315,'Z Cinema',464,4,503,503,'','',0,0,503),(556,1,0,2315,'JAN TV',465,5,504,504,'','',0,0,504),(557,1,0,2315,'C TV',466,6,505,505,'','',0,0,505),(558,1,0,2315,'4 News',467,7,506,506,'','',0,0,506),(559,1,0,2315,'AS NEWS',469,8,507,507,'','',0,0,507),(560,1,0,2315,'Bolo News',470,9,508,508,'','',0,0,508),(561,1,0,2315,'BEST TV',468,10,555,555,'','',0,0,555),(562,1,0,2315,'48 NEWS',33,12,512,512,'','',0,0,512),(563,1,0,2315,'Asia Star TV',35,27,514,514,'','',0,0,514),(564,1,0,2315,'IDEAL TV N',36,28,515,515,'','',0,0,515),(565,1,0,2315,'Muntazir Tv',32,11,509,509,'','',0,0,509),(566,1,0,2315,'MOVIE MAX',34,26,513,513,'','',0,0,513),(567,1,0,2316,'Movies Action',257,1,100,100,'','',0,0,100),(568,1,0,2316,'SK',258,6,601,600,'','',0,0,600),(569,1,0,2316,'royal enter',260,4,400,400,'','',0,0,400),(570,1,0,2316,'Gawahi TV',32,10,33,33,'','',0,0,33),(571,1,0,2316,'Joo Music',1203,12,1200,1200,'','',0,0,1200),(572,1,0,2316,'Tv Mega',35,2,557,557,'','',0,0,557),(573,1,0,2316,'ALLIED NEWS',256,8,555,555,'','',0,0,555),(574,1,0,2322,'HD Phx Infonews Channel',34,1,33,33,'','',0,0,33),(575,1,0,2322,'HD Phx Chinese Channel',37,2,36,36,'','',0,0,36),(576,1,0,2322,'HD Phx HK Channel',40,3,39,39,'','',0,0,39),(577,1,0,2322,'Phx Infonews Channel',43,4,42,42,'','',0,0,42),(578,1,0,2322,'Phx Chinese Channel',46,5,45,45,'','',0,0,45),(579,1,0,2322,'Phx Movies Channel',49,6,48,48,'257','1648',0,32768,48),(580,1,0,2323,'Zing',1011,10,32,32,'','',0,0,32),(581,1,0,2323,'Zee TV',1028,17,43,43,'','',0,32768,43),(582,1,0,2323,'Zee Cinema',1026,18,164,164,'','',0,32768,164),(583,1,0,2323,'Zee Tamil',4100,43,4101,4101,'','',0,32768,4101),(584,1,0,2323,'TEST',1034,48,4111,4111,'','',0,0,4111),(585,1,0,2323,'OTA HANDON',290,230,8191,8191,'','',1,32768,8191),(586,1,0,2323,'ZEE  BANGLA CINEMA',3311,20,3312,3312,'','',0,32768,3312),(587,1,0,2323,'ZEE  MARATHI',1027,16,163,163,'','',0,32768,163),(588,1,0,2323,'ZEE MP CHHATTISGARH',4201,23003,4202,4202,'','',0,0,4202),(589,1,0,2323,'ZEE BUSINESS',5700,41,5702,5702,'','',0,32768,5702),(590,1,0,2323,'ZEE PUNJAB HARYANA HIMACHAL',1031,13,36,36,'','',0,0,36),(591,1,0,2323,'ZEE BANGLA',1029,15,161,161,'','',0,32768,161),(592,1,0,2323,'ZEE SEA',2162,2161,2163,2163,'','',0,32768,2163),(593,1,0,2323,'Zee News',1032,12,38,38,'','',0,0,38),(594,1,0,2323,'ZEE ME NEW',2181,70,2182,2182,'','',0,32768,2182),(595,1,0,2323,'TEST 1 NEW',4151,42,4152,4152,'','',0,32768,4152),(596,1,0,2324,'Cinema 24',492,12,600,600,'','',0,0,600),(597,1,0,2324,'Music Masti',493,13,700,700,'','',0,0,700),(598,1,0,2324,'King TV',494,14,800,800,'','',0,0,800),(599,1,0,2324,'Mega Movies',496,16,2000,2000,'','',0,0,2000),(600,1,0,2324,'Paigham Pushto 2',480,19,513,513,'','',0,0,513),(601,1,0,2324,'MAX CINEMA',491,11,500,500,'','',0,0,500),(602,1,0,2324,'STV',495,15,1000,1000,'','',0,0,1000),(603,1,0,2324,'Paigham Urdu HD',54,28,1002,1002,'','',0,0,1002),(604,1,0,2324,'RAINBOW TV',262,62,1016,1016,'','',0,0,1016),(605,1,0,2324,'PINK TV',263,63,1017,1017,'','',0,0,1017),(606,1,0,2324,'FORTUNE TV',264,64,1004,1004,'','',0,0,1004),(607,1,0,2324,'A NEWS',52,24,517,517,'','',0,0,517),(608,1,0,2324,'AR NEWS',50,22,516,516,'','',0,0,516),(609,1,0,2324,'HK TV',53,25,518,518,'','',0,0,518),(610,1,0,2324,'MOMO',497,17,901,8191,'','',1,0,8191),(611,1,0,2324,'M Entertainment',48,20,514,514,'','',0,0,514),(612,1,0,2324,'MIRCHI TV',49,21,515,515,'','',0,0,515),(613,1,0,2324,'ROSHNI TV',51,23,2233,2233,'','',0,0,2233),(614,1,0,2325,'Cinema 1',480,1,100,100,'','',0,0,100),(615,1,0,2325,'B24',51,2,200,200,'','',0,0,200),(616,1,0,2325,'FILMY Rhythm',52,3,300,300,'','',0,0,300),(617,1,0,2325,'Cinema',53,4,600,600,'','',0,0,600),(618,1,0,2325,'Cinema 2',54,5,500,500,'','',0,0,500),(619,1,0,2325,'Cinemachi Movies',55,6,800,800,'','',0,0,800),(620,1,0,2325,'FILMAX Pakistan',56,7,900,900,'','',0,32768,900),(621,1,0,2325,'Cinmax',57,9,1100,1100,'','',0,0,1100),(622,1,0,2326,'9X_TASHAN',277,1,278,278,'','',0,0,278),(623,1,0,2327,'Music Box',37,21,511,511,'','',0,0,511),(624,1,0,2327,'Uniplus',39,22,513,513,'','',0,0,513),(625,1,0,2327,'Cineplex',36,23,515,515,'','',0,0,515),(626,1,0,2327,'Shop Now',38,24,517,517,'','',0,0,517),(627,1,0,2327,'ISLAM TV',32,25,519,519,'','',0,0,519),(628,1,0,2327,'POP TV',34,26,521,521,'','',0,0,521),(629,1,0,2327,'Afghan TV',33,27,523,523,'','',0,0,523),(630,1,0,2327,'Best Deal',35,28,525,525,'','',0,0,525),(631,1,0,2327,'Starlite TV',41,29,527,527,'','',0,0,527);
/*!40000 ALTER TABLE `programs_table` ENABLE KEYS */;
UNLOCK TABLES;

--
-- Table structure for table `reboot_table`
--

DROP TABLE IF EXISTS `reboot_table`;
/*!40101 SET @saved_cs_client     = @@character_set_client */;
/*!40101 SET character_set_client = utf8 */;
CREATE TABLE `reboot_table` (
  `id` int(11) NOT NULL AUTO_INCREMENT,
  `enable` int(11) NOT NULL COMMENT 'enable',
  `type` int(11) NOT NULL COMMENT 'type',
  `year` int(11) DEFAULT '0' COMMENT 'year',
  `month` int(11) DEFAULT '0' COMMENT 'month',
  `month_day` int(11) DEFAULT '0' COMMENT 'month day',
  `week_day` int(11) NOT NULL COMMENT 'week day',
  `hour` int(11) NOT NULL COMMENT 'hour',
  `minute` int(11) NOT NULL COMMENT 'minute',
  PRIMARY KEY (`id`)
) ENGINE=InnoDB DEFAULT CHARSET=utf8mb4 COLLATE=utf8mb4_unicode_ci COMMENT='reboot table';
/*!40101 SET character_set_client = @saved_cs_client */;

--
-- Dumping data for table `reboot_table`
--

LOCK TABLES `reboot_table` WRITE;
/*!40000 ALTER TABLE `reboot_table` DISABLE KEYS */;
/*!40000 ALTER TABLE `reboot_table` ENABLE KEYS */;
UNLOCK TABLES;

--
-- Table structure for table `rf_table`
--

DROP TABLE IF EXISTS `rf_table`;
/*!40101 SET @saved_cs_client     = @@character_set_client */;
/*!40101 SET character_set_client = utf8 */;
CREATE TABLE `rf_table` (
  `board_id` int(11) NOT NULL COMMENT 'board id',
  `lnb_power` int(11) NOT NULL COMMENT 'lnb power',
  `tone` int(11) NOT NULL COMMENT '22k',
  `diseqc1_0` int(11) NOT NULL COMMENT 'diseqc1.0',
  `diseqc1_1` int(11) NOT NULL COMMENT 'diseqc1.1',
  PRIMARY KEY (`board_id`)
) ENGINE=InnoDB DEFAULT CHARSET=utf8mb4 COLLATE=utf8mb4_unicode_ci COMMENT='rf table';
/*!40101 SET character_set_client = @saved_cs_client */;

--
-- Dumping data for table `rf_table`
--

LOCK TABLES `rf_table` WRITE;
/*!40000 ALTER TABLE `rf_table` DISABLE KEYS */;
INSERT INTO `rf_table` VALUES (0,0,1,0,0),(1,1,1,1,0),(2,0,1,0,0),(3,0,1,0,0),(4,0,1,0,0);
/*!40000 ALTER TABLE `rf_table` ENABLE KEYS */;
UNLOCK TABLES;

--
-- Table structure for table `satellite_table`
--

DROP TABLE IF EXISTS `satellite_table`;
/*!40101 SET @saved_cs_client     = @@character_set_client */;
/*!40101 SET character_set_client = utf8 */;
CREATE TABLE `satellite_table` (
  `id` int(11) NOT NULL AUTO_INCREMENT COMMENT 'id',
  `name` varchar(27) COLLATE utf8mb4_unicode_ci NOT NULL COMMENT 'sat name',
  `dir` int(11) NOT NULL COMMENT 'dir',
  `angle` int(11) NOT NULL COMMENT 'angle',
  `lnb_type` varchar(50) COLLATE utf8mb4_unicode_ci DEFAULT NULL COMMENT 'lnb type',
  PRIMARY KEY (`id`)
) ENGINE=InnoDB AUTO_INCREMENT=96 DEFAULT CHARSET=utf8mb4 COLLATE=utf8mb4_unicode_ci COMMENT='sat table';
/*!40101 SET character_set_client = @saved_cs_client */;

--
-- Dumping data for table `satellite_table`
--

LOCK TABLES `satellite_table` WRITE;
/*!40000 ALTER TABLE `satellite_table` DISABLE KEYS */;
INSERT INTO `satellite_table` VALUES (1,'Nilesat',1,70,'Universal'),(2,'Badr',0,260,'Universal'),(3,'Hotbird',0,130,'Universal'),(4,'Astra1',0,192,'Universal'),(5,'Eutelsat 3C',0,30,'Universal'),(6,'Astra 4A',0,49,'Universal'),(7,'Eutelsat 7A ',0,70,'Universal'),(8,'Eutelsat 9A ',0,90,'Universal'),(9,'Eutelsat 10A',0,100,'Universal'),(10,'Eutelsat 16A ',0,160,'Universal'),(11,'Eutelsat 21A ',0,216,'Universal'),(12,'Astra 3A/3B',0,235,'Universal'),(13,'Astra 2',0,282,'Universal'),(14,'Arabsat 5A ',0,305,'Universal'),(15,'C_Arabsat 5A ',0,305,'5150/5750'),(16,'Astra 1G ',0,315,'Universal'),(17,'Eutelsat 33A ',0,330,'Universal'),(18,'Eutelsat36A/B',0,360,'Universal'),(19,'C_Paksat 1R ',0,380,'5150/5750'),(20,'Hellas Sat 2 ',0,390,'Universal'),(21,'Turksat2/3/4A',0,420,'Universal'),(22,'Intelsat 12 ',0,450,'Universal'),(23,'AzerSpace 1',0,460,'Universal'),(24,'C_AzerSpace 1',0,460,'5150/5750'),(25,'C_Yamal 202 ',0,490,'5150/5750'),(26,'Yahsat 1A ',0,525,'Universal'),(27,'Express AM22 ',0,530,'Universal'),(28,'Bonum 1',0,560,'Universal'),(29,'NSS 12 ',0,570,'Universal'),(30,'C_NSS 12 ',0,570,'5150/5750'),(31,'Intelsat 902 ',0,620,'Universal'),(32,'C_Intelsat 902 ',0,620,'5150/5750'),(33,'C_Intelsat 906 ',0,642,'5150/5750'),(34,'Intelsat 20',0,685,'Universal'),(35,'C_Intelsat 20',0,685,'5150/5750'),(36,'Eutelsat 70B ',0,705,'Universal'),(37,'Insat 3C/4CR',0,740,'Universal'),(38,'C_Insat 3C/4CR',0,740,'5150/5750'),(39,'ABS 1 ',0,750,'Universal'),(40,'C_Apstar 2R ',0,765,'5150/5750'),(41,'Thaicom 5 ',0,785,'Universal'),(42,'Intelsat 15 ',0,852,'Universal'),(43,'ST 2 ',0,880,'Universal'),(44,'Yamal 201 ',0,900,'Universal'),(45,'C_Yamal 201 ',0,900,'5150/5750'),(46,'Measat 3/3a',0,915,'Universal'),(47,'C_Measat 3/3a',0,915,'5150/5750'),(48,'ChinaSat 9 ',0,922,'Universal'),(49,'Insat 3A/4B',0,935,'Universal'),(50,'NSS 6 ',0,950,'Universal'),(51,'Express AM33 ',0,965,'Universal'),(52,'AsiaSat 5 ',0,1005,'Universal'),(53,'C_AsiaSat 5 ',0,1005,'5150/5750'),(54,'C_NSS 11 ',0,1082,'5150/5750'),(55,'C_ChinaSat 10 ',0,1105,'5150/5750'),(56,'Koreasat 5 ',0,1130,'Universal'),(57,'C_Koreasat 5 ',0,1130,'5150/5750'),(58,'C_ChinaSat 6B ',0,1155,'5150/5750'),(59,'Koreasat 6 ',0,1160,'Universal'),(60,'AsiaSat 4 ',0,1222,'Universal'),(61,'C_AsiaSat 4 ',0,1222,'5150/5750'),(62,'JCSAT 4A ',0,1240,'Universal'),(63,'JCSAT 3A ',0,1280,'Universal'),(64,'C_JCSAT 3A ',0,1280,'5150/5750'),(65,'C_Vinasat1/JCSA',0,1320,'5150/5750'),(66,'C_Apstar 6 ',0,1340,'5150/5750'),(67,'Express AM3 ',0,1400,'Universal'),(68,'Superbird C2 ',0,1440,'Universal'),(69,'Optus D2 ',0,1520,'Universal'),(70,'C_JCSAT 2A ',0,1540,'5150/5750'),(71,'Optus C1/D3',0,1560,'Universal'),(72,'Optus D1 ',0,1600,'Universal'),(73,'Superbird B2 ',0,1620,'Universal'),(74,'Intelsat 19',0,1660,'Universal'),(75,'C_Intelsat 19',0,1660,'5150/5750'),(76,'C_NSS 9 ',1,1770,'5150/5750'),(77,'Intelsat 14 ',1,450,'Universal'),(78,'Intelsat 11 ',1,431,'Universal'),(79,'SES 6',1,405,'Universal'),(80,'Intelsat 903 ',1,345,'Universal'),(81,'Hispasat',1,300,'Universal'),(82,'Intelsat 907 ',1,275,'Universal'),(83,'Intelsat 905 ',1,245,'Universal'),(84,'SES 4',1,220,'Universal'),(85,'C_Intelsat 901 ',1,180,'5150/5750'),(86,'Telstar 12 ',1,150,'Universal'),(87,'Eutelsat 12',1,125,'Universal'),(88,'Express AM44 ',1,110,'Universal'),(89,'Eutelsat 8',1,80,'Universal'),(90,'Eutelsat 5',1,50,'Universal'),(91,'Amos 2/3',1,40,'Universal'),(92,'Thor 5/6',1,8,'Universal'),(93,'C_AsiaSat 7',0,1055,'5150/5750'),(94,'Vinasat1/JCSAT5',0,1320,'Universal'),(95,'Telstar 18 ',0,1380,'Universal');
/*!40000 ALTER TABLE `satellite_table` ENABLE KEYS */;
UNLOCK TABLES;

--
-- Table structure for table `search_programs_table`
--

DROP TABLE IF EXISTS `search_programs_table`;
/*!40101 SET @saved_cs_client     = @@character_set_client */;
/*!40101 SET character_set_client = utf8 */;
CREATE TABLE `search_programs_table` (
  `id` int(11) NOT NULL AUTO_INCREMENT COMMENT 'id',
  `board_id` int(11) NOT NULL COMMENT 'board id',
  `module_id` int(11) NOT NULL COMMENT 'module id',
  `tp_id` int(11) NOT NULL COMMENT 'tp id',
  `service_name` varchar(27) COLLATE utf8mb4_unicode_ci NOT NULL COMMENT 'programe name',
  `pmt_pid` int(11) NOT NULL COMMENT 'pmt pid',
  `service_id` int(11) NOT NULL COMMENT 'service id',
  `pcr_pid` int(11) NOT NULL COMMENT 'pcr pid',
  `vid_pid` int(11) NOT NULL COMMENT 'vid pid',
  `ecm_pids` varchar(256) COLLATE utf8mb4_unicode_ci DEFAULT NULL COMMENT 'ecm pids',
  `ca_system_ids` varchar(256) COLLATE utf8mb4_unicode_ci DEFAULT NULL COMMENT 'ca system ids',
  `tv_type` int(11) NOT NULL COMMENT 'program type',
  `ca_type` int(11) NOT NULL COMMENT 'ca type',
  `video_modify_pid` int(11) NOT NULL DEFAULT '25' COMMENT 'video modify pid',
  PRIMARY KEY (`id`)
) ENGINE=InnoDB AUTO_INCREMENT=244 DEFAULT CHARSET=utf8mb4 COLLATE=utf8mb4_unicode_ci COMMENT='search program table';
/*!40101 SET character_set_client = @saved_cs_client */;

--
-- Dumping data for table `search_programs_table`
--

LOCK TABLES `search_programs_table` WRITE;
/*!40000 ALTER TABLE `search_programs_table` DISABLE KEYS */;
INSERT INTO `search_programs_table` VALUES (1,1,0,2283,'Sahara NAT',257,2,513,513,'','',0,0,513),(2,1,0,2283,'Sahara NCR',258,3,514,514,'','',0,0,514),(3,1,0,2283,'Sahara MUM',259,4,515,515,'','',0,0,515),(4,1,0,2283,'Sahara UP',260,5,516,516,'','',0,0,516),(5,1,0,2283,'Sahara  BIH',261,6,517,517,'','',0,0,517),(6,1,0,2283,'Aalami Sahara',262,7,518,518,'','',0,0,518),(7,1,0,2283,'Sahara MP',263,8,519,519,'','',0,0,519),(8,1,0,2283,'Sahara ONE',256,1,512,512,'','',0,0,512),(9,1,0,2283,'Sahara Filmi',264,9,520,520,'','',0,0,520),(10,1,0,2283,'FIRANGI',265,12,523,523,'','',0,0,523),(11,1,0,2284,'PEACE TV - CHINESE',5011,501,5012,5012,'','',0,0,5012),(12,1,0,2287,'XING KONG',257,745,514,514,'','',0,0,514),(13,1,0,2287,'Channel [V]',259,747,515,515,'','',0,0,515),(14,1,0,2287,'XINGKONG INT',258,748,513,513,'','',0,32768,513),(15,1,0,2354,'ABP ANANDA',34,3,71,71,'','',0,0,71),(16,1,0,2354,'ABP MAJHA',35,4,81,81,'','',0,0,81),(17,1,0,2354,'ABP ASMITA',36,5,91,91,'','',0,0,91),(18,1,0,2354,'ABP NEWS ',32,1,51,51,'','',0,0,51),(19,1,0,2355,'Sristy_TV',4096,1,336,336,'','',0,0,336),(20,1,0,2355,'STV BANGLA_TEST',360,3,361,361,'','',0,0,361),(21,1,0,2290,'ZEE CAFE -NEW',3001,3000,3002,3002,'','',0,32768,3002),(22,1,0,2290,'&FLIX',3013,3012,3014,3014,'','',0,32768,3014),(23,1,0,2290,'ZEE BANGLA INTL',3061,3060,3062,3062,'','',0,32768,3062),(24,1,0,2290,'ZEE CINEMA ME NEW',3072,3071,3073,3073,'','',0,32768,3073),(25,1,0,2291,'CNAI HD 1080i 25',256,1,1160,1160,'','',0,0,1160),(26,1,0,2294,'Cinemachi Kids',257,1,100,100,'','',0,32768,100),(27,1,0,2294,'Sky Cinema',258,2,200,200,'','',0,0,200),(28,1,0,2294,'MAX TV',259,3,300,300,'','',0,0,300),(29,1,0,2294,'Star Entertainment',1204,4,1200,1200,'','',0,0,1200),(30,1,0,2294,'Joshua TV',704,5,700,700,'','',0,0,700),(31,1,0,2294,'BAHAR HD',604,6,600,600,'','',0,0,600),(32,1,0,2296,'Russia Today',5006,6,1060,1060,'','',0,0,1060),(33,1,0,2296,'Muslim TV',5007,7,8190,1070,'','',0,0,1070),(34,1,0,2296,'TV5',5012,12,1120,1120,'','',0,0,1120),(35,1,0,2296,'RFI Francais',5040,40,1401,8191,'','',1,0,8191),(36,1,0,2296,'RFI Cambodge',5042,42,1421,8191,'','',1,0,8191),(37,1,0,2296,'Sun TV',660,16,664,661,'','',0,0,661),(38,1,0,2296,'Ahlebait TV',3210,20,3211,3212,'','',0,0,3212),(39,1,0,2299,'ZEE BOLLYWOOD',2007,2006,2008,2008,'','',0,32768,2008),(40,1,0,2299,'ZEE ACTION NEW',2001,2000,2002,2002,'','',0,32768,2002),(41,1,0,2299,'LIVING FOODZ',2074,2073,2075,2075,'','',0,32768,2075),(42,1,0,2299,'ETC',2092,2091,2093,2093,'','',0,0,2093),(43,1,0,2299,'Test-Nod',2037,2036,2038,2038,'','',0,32768,2038),(44,1,0,2299,'ZEE RAJASTHAN NEWS',2102,2101,2103,2103,'','',0,0,2103),(45,1,0,2299,'& PICTURES',2112,2111,2113,2113,'','',0,32768,2113),(46,1,0,2299,'& TV',2132,2131,2133,2133,'','',0,32768,2133),(47,1,0,2299,'ZEE CINEMALU',2142,2141,2143,2143,'','',0,32768,2143),(48,1,0,2299,'ZEE YUVA',2152,2151,2153,2153,'','',0,32768,2153),(49,1,0,2299,'ANMOL CINEMA',1016,49,1017,1017,'','',0,32768,1017),(50,1,0,2299,'OTA',290,230,8191,8191,'','',1,32768,8191),(51,1,0,2299,'& PRIVE HD',2172,2171,2173,2173,'','',0,32768,2173),(52,1,0,2299,'ZEE KERALAM',2182,69,2183,2183,'','',0,32768,2183),(53,1,0,2299,'ZEE CLASSIC',2192,2191,2193,2193,'','',0,32768,2193),(54,1,0,2300,'1114 Star Movies China SD',262,1114,518,518,'','',0,32768,518),(55,1,0,2300,'1120 Sky News SD',256,1120,512,512,'','',0,32768,512),(56,1,0,2300,'1348 SCM SEA HD',281,1348,531,531,'','',0,32768,531),(57,1,0,2300,'1349 Channel [V] Intl HD',282,1349,532,532,'','',0,32768,532),(58,1,0,2300,'1350 Fox Movies Philippines',283,1350,533,533,'','',0,32768,533),(59,1,0,2300,'1351 NG People HD',284,1351,534,534,'','',0,32768,534),(60,1,0,2300,'1352 Fox Life Malaysia HD',285,1352,535,535,'','',0,32768,535),(61,1,0,2300,'1353 Fox News HD',260,1353,516,516,'','',0,32768,516),(62,1,0,2300,'1362 Fox Crime HD',264,1362,520,520,'','',0,32768,520),(63,1,0,2300,'1363 Fox Thailand HD',257,1363,513,513,'','',0,32768,513),(64,1,0,2302,'ISAAC TV',730,4,731,731,'','',0,0,731),(65,1,0,2302,'Al Jazeera English',770,18,771,771,'','',0,0,771),(66,1,0,2302,'HADI TV',720,25,721,721,'','',0,0,721),(67,1,0,2302,'Al Jazeera Arabic',256,21,270,270,'','',0,0,270),(68,1,0,2304,'Praise  TV',257,50,601,601,'','',0,0,601),(69,1,0,2304,'Z Plus',258,51,603,603,'','',0,0,603),(70,1,0,2304,'Love of Jesus TV HD',32,53,609,609,'','',0,0,609),(71,1,0,2304,'PMI',260,54,613,613,'','',0,0,613),(72,1,0,2304,'Shine Star TV',260,55,607,607,'','',0,0,607),(73,1,0,2304,'Partys',480,56,5012,5012,'','',0,0,5012),(74,1,0,2306,'UNKNOWN',41,1,701,701,'','',0,0,701),(75,1,0,2306,'UNKNOWN',40,2,702,702,'','',0,0,702),(76,1,0,2306,'UNKNOWN',35,3,703,703,'','',0,0,703),(77,1,0,2306,'UNKNOWN',38,4,704,704,'','',0,0,704),(78,1,0,2306,'UNKNOWN',39,5,705,705,'','',0,0,705),(79,1,0,2306,'UNKNOWN',34,6,706,706,'','',0,0,706),(80,1,0,2306,'UNKNOWN',37,7,707,707,'','',0,0,707),(81,1,0,2306,'UNKNOWN',33,8,708,708,'','',0,0,708),(82,1,0,2306,'UNKNOWN',32,9,709,709,'','',0,0,709),(83,1,0,2306,'UNKNOWN',36,10,800,800,'','',0,0,800),(84,1,0,2306,'UNKNOWN',45,11,5052,5052,'','',0,0,5052),(85,1,0,2306,'UNKNOWN',44,12,133,133,'','',0,0,133),(86,1,0,2306,'UNKNOWN',43,13,1002,1002,'','',0,0,1002),(87,1,0,2306,'UNKNOWN',42,14,1100,1100,'','',0,0,1100),(88,1,0,2306,'UNKNOWN',46,15,1001,1001,'','',0,0,1001),(89,1,0,2306,'UNKNOWN',47,16,1601,1601,'','',0,0,1601),(90,1,0,2306,'UNKNOWN',48,17,1701,1701,'','',0,0,1701),(91,1,0,2306,'UNKNOWN',49,18,1801,1801,'','',0,0,1801),(92,1,0,2306,'UNKNOWN',50,19,1901,1901,'','',0,0,1901),(93,1,0,2306,'UNKNOWN',51,20,2001,2001,'','',0,0,2001),(94,1,0,2306,'UNKNOWN',52,41,2101,2101,'','',0,0,2101),(95,1,0,2307,'FS Indonesia',111,11,522,522,'','',0,32768,522),(96,1,0,2307,'FS HD Philippines',113,13,524,524,'','',0,32768,524),(97,1,0,2307,'SS HD',116,16,527,527,'','',0,32768,527),(98,1,0,2307,'FS SEA',118,17,528,528,'','',0,32768,528),(99,1,0,2307,'Fox Sports 3 HD ',119,18,529,529,'','',0,32768,529),(100,1,0,2307,'Fox Sports 2 HD',120,19,530,530,'','',0,32768,530),(101,1,0,2307,'Star Sports 2 China',105,222,516,516,'','',0,32768,516),(102,1,0,2308,'BDL',4864,180,8191,8191,'','',1,32768,8191),(103,1,0,2308,'DMS',4895,181,8191,8191,'','',1,32768,8191),(104,1,0,2308,'IEPG',86,182,8190,8191,'','',1,0,8191),(105,1,0,2308,'ASIANET ',32,1902,701,701,'7130','2478',0,32768,701),(106,1,0,2308,'ASIANET PLUS',33,1903,702,702,'7134','2478',0,32768,702),(107,1,0,2308,'SUVARNA',41,1904,703,703,'7135','2478',0,32768,703),(108,1,0,2308,'STAR VIJAY',44,1906,704,704,'7137','2478',0,32768,704),(109,1,0,2308,'ASIANET MOVIES',38,1907,707,707,'7139','2478',0,32768,707),(110,1,0,2308,'SUVARNA PLUS',39,1908,706,706,'7140','2478',0,32768,706),(111,1,0,2308,'Movies OK',46,6008,806,806,'7126','2478',0,32768,806),(112,1,0,2308,'STAR Jalsa',43,6041,825,825,'7161','2478',0,32768,825),(113,1,0,2308,'STAR Pravah',40,6051,831,831,'7166','2478',0,32768,831),(114,1,0,2308,'Star Gold Select',47,6086,903,903,'7186','2478',0,32768,903),(115,1,0,2308,'Star Sports Select 2',42,6091,909,909,'7191','2478',0,32768,909),(116,1,0,2308,'Jalsha Movies',36,6101,921,921,'7200','2478',0,32768,921),(117,1,0,2310,'STAR Movies',256,11,517,517,'1360','2478',0,32768,517),(118,1,0,2310,'STAR World',257,12,513,513,'1366','2478',0,32768,513),(119,1,0,2310,'STAR Plus',258,13,521,521,'1361','2478',0,32768,521),(120,1,0,2310,'Star Sports 3',259,17,8190,515,'1369','2478',0,32768,515),(121,1,0,2310,'STAR Gold Int\'l',356,26,531,531,'1571','2478',0,32768,531),(122,1,0,2310,'STAR Gold',260,27,522,522,'1363','2478',0,32768,522),(123,1,0,2310,'35 Life OK ME',33,35,530,530,'1577','2478',0,32768,530),(124,1,0,2310,'Star Bharat',261,37,520,520,'1372','2478',0,32768,520),(125,1,0,2310,'STAR UTSAV',262,39,516,516,'1380','2478',0,32768,516),(126,1,0,2310,'40 STAR Plus SEA',32,40,8190,535,'1564,1565','2478,2478',0,32768,535),(127,1,0,2310,'42 STAR Gold Int\'l',34,42,531,531,'1571,1581','2478,2478',0,32768,531),(128,1,0,2310,'STAR Plus',357,51,533,533,'1566','2478',0,32768,533),(129,1,0,2310,'511 Star Sports 3',264,1511,8190,515,'1369,1370','2478,2478',0,32768,515),(130,1,0,2310,'702 STAR PLUS',265,1702,521,521,'1361','2478',0,32768,521),(131,1,0,2310,'704 STAR Movies',266,1704,517,517,'1360','2478',0,32768,517),(132,1,0,2310,'707 STAR GOLD',267,1707,522,522,'1363,1364','2478,2478',0,32768,522),(133,1,0,2310,'735 STAR Utsav',268,1735,516,516,'','',0,32768,516),(134,1,0,2310,'751 Star World India',269,1751,513,513,'1366','2478',0,32768,513),(135,1,0,2310,'752 Star Sports 3',270,1752,8190,515,'1369,1370','2478,2478',0,32768,515),(136,1,0,2310,'753 Star Sports 3',35,1753,8190,515,'1369,1370','2478,2478',0,32768,515),(137,1,0,2310,'777 Star Bharat',272,1777,520,520,'1372','2478',0,32768,520),(138,1,0,2310,'803 STAR Plus',358,1803,533,533,'1566','2478',0,32768,533),(139,1,0,2310,'814 Star Bharat ME',359,1814,530,530,'1577,1578','2478,2478',0,32768,530),(140,1,0,2310,'825 STAR Gold Int\'l',360,1825,531,531,'1571,1581','2478,2478',0,32768,531),(141,1,0,2310,'885 STAR Plus',361,1885,533,533,'1566','2478',0,32768,533),(142,1,0,2310,'886 STAR Plus SEA',362,1886,8190,535,'1564,1565','2478,2478',0,32768,535),(143,1,0,2311,'1354 Fox Life HD',256,1354,512,512,'','',0,32768,512),(144,1,0,2311,'1355 Fox Movies HD',258,1355,514,514,'','',0,32768,514),(145,1,0,2311,'1356 Fox Family Movies HD',281,1356,531,531,'','',0,32768,531),(146,1,0,2311,'1357 NGC HD',282,1357,532,532,'','',0,32768,532),(147,1,0,2311,'1358 FX HD',283,1358,533,533,'','',0,32768,533),(148,1,0,2311,'1359 NG Wild HD',284,1359,534,534,'','',0,32768,534),(149,1,0,2311,'1360 Fox HD',285,1360,535,535,'','',0,32768,535),(150,1,0,2311,'1361 SCM Legend HD',286,1361,536,536,'','',0,32768,536),(151,1,0,2314,'ARYZindagi',33,1,80,80,'','',0,0,80),(152,1,0,2314,'Nick',44,2,40,40,'1282','1570',0,32768,40),(153,1,0,2314,'ARYFamily',51,3,50,50,'','',0,0,50),(154,1,0,2314,'ARYDigitalAsia',58,5,512,512,'','',0,0,512),(155,1,0,2314,'ARYDigitalUK',36,6,513,513,'1286','1570',0,32768,513),(156,1,0,2314,'ARYQTV',46,7,514,514,'','',0,0,514),(157,1,0,2314,'ARYMusik',41,8,515,515,'','',0,0,515),(158,1,0,2314,'ARYDigitalME',42,9,516,516,'1289','1570',0,32768,516),(159,1,0,2314,'ARYNewsUSA',43,10,517,517,'1296','1570',0,32768,517),(160,1,0,2314,'ARYNewsAsia',37,11,518,518,'','',0,0,518),(161,1,0,2314,'HBO',34,12,519,519,'1298','1570',0,32768,519),(162,1,0,2314,'ARYDigitalUSA',38,13,520,520,'1299','1570',0,32768,520),(163,1,0,2314,'FEED',48,14,47,47,'1300','1570',0,32768,47),(164,1,0,2315,'Silver Sereen',461,1,500,500,'','',0,0,500),(165,1,0,2315,'Cinemax',462,2,501,501,'','',0,0,501),(166,1,0,2315,'Z  Action',463,3,502,502,'','',0,0,502),(167,1,0,2315,'Z Cinema',464,4,503,503,'','',0,0,503),(168,1,0,2315,'JAN TV',465,5,504,504,'','',0,0,504),(169,1,0,2315,'C TV',466,6,505,505,'','',0,0,505),(170,1,0,2315,'4 News',467,7,506,506,'','',0,0,506),(171,1,0,2315,'AS NEWS',469,8,507,507,'','',0,0,507),(172,1,0,2315,'Bolo News',470,9,508,508,'','',0,0,508),(173,1,0,2315,'BEST TV',468,10,555,555,'','',0,0,555),(174,1,0,2315,'48 NEWS',33,12,512,512,'','',0,0,512),(175,1,0,2315,'Asia Star TV',35,27,514,514,'','',0,0,514),(176,1,0,2315,'IDEAL TV N',36,28,515,515,'','',0,0,515),(177,1,0,2315,'Muntazir Tv',32,11,509,509,'','',0,0,509),(178,1,0,2315,'MOVIE MAX',34,26,513,513,'','',0,0,513),(179,1,0,2316,'Movies Action',257,1,100,100,'','',0,0,100),(180,1,0,2316,'SK',258,6,601,600,'','',0,0,600),(181,1,0,2316,'royal enter',260,4,400,400,'','',0,0,400),(182,1,0,2316,'Gawahi TV',32,10,33,33,'','',0,0,33),(183,1,0,2316,'Joo Music',1203,12,1200,1200,'','',0,0,1200),(184,1,0,2316,'Tv Mega',35,2,557,557,'','',0,0,557),(185,1,0,2316,'ALLIED NEWS',256,8,555,555,'','',0,0,555),(186,1,0,2322,'HD Phx Infonews Channel',34,1,33,33,'','',0,0,33),(187,1,0,2322,'HD Phx Chinese Channel',37,2,36,36,'','',0,0,36),(188,1,0,2322,'HD Phx HK Channel',40,3,39,39,'','',0,0,39),(189,1,0,2322,'Phx Infonews Channel',43,4,42,42,'','',0,0,42),(190,1,0,2322,'Phx Chinese Channel',46,5,45,45,'','',0,0,45),(191,1,0,2322,'Phx Movies Channel',49,6,48,48,'257','1648',0,32768,48),(192,1,0,2323,'Zing',1011,10,32,32,'','',0,0,32),(193,1,0,2323,'Zee TV',1028,17,43,43,'','',0,32768,43),(194,1,0,2323,'Zee Cinema',1026,18,164,164,'','',0,32768,164),(195,1,0,2323,'Zee Tamil',4100,43,4101,4101,'','',0,32768,4101),(196,1,0,2323,'TEST',1034,48,4111,4111,'','',0,0,4111),(197,1,0,2323,'OTA HANDON',290,230,8191,8191,'','',1,32768,8191),(198,1,0,2323,'ZEE  BANGLA CINEMA',3311,20,3312,3312,'','',0,32768,3312),(199,1,0,2323,'ZEE  MARATHI',1027,16,163,163,'','',0,32768,163),(200,1,0,2323,'ZEE MP CHHATTISGARH',4201,23003,4202,4202,'','',0,0,4202),(201,1,0,2323,'ZEE BUSINESS',5700,41,5702,5702,'','',0,32768,5702),(202,1,0,2323,'ZEE PUNJAB HARYANA HIMACHAL',1031,13,36,36,'','',0,0,36),(203,1,0,2323,'ZEE BANGLA',1029,15,161,161,'','',0,32768,161),(204,1,0,2323,'ZEE SEA',2162,2161,2163,2163,'','',0,32768,2163),(205,1,0,2323,'Zee News',1032,12,38,38,'','',0,0,38),(206,1,0,2323,'ZEE ME NEW',2181,70,2182,2182,'','',0,32768,2182),(207,1,0,2323,'TEST 1 NEW',4151,42,4152,4152,'','',0,32768,4152),(208,1,0,2324,'Cinema 24',492,12,600,600,'','',0,0,600),(209,1,0,2324,'Music Masti',493,13,700,700,'','',0,0,700),(210,1,0,2324,'King TV',494,14,800,800,'','',0,0,800),(211,1,0,2324,'Mega Movies',496,16,2000,2000,'','',0,0,2000),(212,1,0,2324,'Paigham Pushto 2',480,19,513,513,'','',0,0,513),(213,1,0,2324,'MAX CINEMA',491,11,500,500,'','',0,0,500),(214,1,0,2324,'STV',495,15,1000,1000,'','',0,0,1000),(215,1,0,2324,'Paigham Urdu HD',54,28,1002,1002,'','',0,0,1002),(216,1,0,2324,'RAINBOW TV',262,62,1016,1016,'','',0,0,1016),(217,1,0,2324,'PINK TV',263,63,1017,1017,'','',0,0,1017),(218,1,0,2324,'FORTUNE TV',264,64,1004,1004,'','',0,0,1004),(219,1,0,2324,'A NEWS',52,24,517,517,'','',0,0,517),(220,1,0,2324,'AR NEWS',50,22,516,516,'','',0,0,516),(221,1,0,2324,'HK TV',53,25,518,518,'','',0,0,518),(222,1,0,2324,'MOMO',497,17,901,8191,'','',1,0,8191),(223,1,0,2324,'M Entertainment',48,20,514,514,'','',0,0,514),(224,1,0,2324,'MIRCHI TV',49,21,515,515,'','',0,0,515),(225,1,0,2324,'ROSHNI TV',51,23,2233,2233,'','',0,0,2233),(226,1,0,2325,'Cinema 1',480,1,100,100,'','',0,0,100),(227,1,0,2325,'B24',51,2,200,200,'','',0,0,200),(228,1,0,2325,'FILMY Rhythm',52,3,300,300,'','',0,0,300),(229,1,0,2325,'Cinema',53,4,600,600,'','',0,0,600),(230,1,0,2325,'Cinema 2',54,5,500,500,'','',0,0,500),(231,1,0,2325,'Cinemachi Movies',55,6,800,800,'','',0,0,800),(232,1,0,2325,'FILMAX Pakistan',56,7,900,900,'','',0,32768,900),(233,1,0,2325,'Cinmax',57,9,1100,1100,'','',0,0,1100),(234,1,0,2326,'9X_TASHAN',277,1,278,278,'','',0,0,278),(235,1,0,2327,'Music Box',37,21,511,511,'','',0,0,511),(236,1,0,2327,'Uniplus',39,22,513,513,'','',0,0,513),(237,1,0,2327,'Cineplex',36,23,515,515,'','',0,0,515),(238,1,0,2327,'Shop Now',38,24,517,517,'','',0,0,517),(239,1,0,2327,'ISLAM TV',32,25,519,519,'','',0,0,519),(240,1,0,2327,'POP TV',34,26,521,521,'','',0,0,521),(241,1,0,2327,'Afghan TV',33,27,523,523,'','',0,0,523),(242,1,0,2327,'Best Deal',35,28,525,525,'','',0,0,525),(243,1,0,2327,'Starlite TV',41,29,527,527,'','',0,0,527);
/*!40000 ALTER TABLE `search_programs_table` ENABLE KEYS */;
UNLOCK TABLES;

--
-- Table structure for table `search_transponder_table`
--

DROP TABLE IF EXISTS `search_transponder_table`;
/*!40101 SET @saved_cs_client     = @@character_set_client */;
/*!40101 SET character_set_client = utf8 */;
CREATE TABLE `search_transponder_table` (
  `id` int(11) NOT NULL AUTO_INCREMENT COMMENT 'id',
  `sat_id` int(11) NOT NULL COMMENT 'sat id',
  `freq` int(11) NOT NULL COMMENT 'freq',
  `symbol_rate` int(11) NOT NULL COMMENT 'symbol rate',
  `polarization` int(11) NOT NULL COMMENT 'polarization',
  `fec` int(11) NOT NULL COMMENT 'fec',
  `ts_id` int(11) NOT NULL COMMENT 'ts id',
  `on_id` int(11) NOT NULL COMMENT 'on id',
  `eit_id` int(11) NOT NULL COMMENT 'eit id',
  `emm_pids` varchar(256) COLLATE utf8mb4_unicode_ci DEFAULT NULL COMMENT 'emm pids',
  `ca_system_ids` varchar(256) COLLATE utf8mb4_unicode_ci DEFAULT NULL COMMENT 'ca system ids',
  PRIMARY KEY (`id`)
) ENGINE=InnoDB DEFAULT CHARSET=utf8mb4 COLLATE=utf8mb4_unicode_ci COMMENT='search transponder table';
/*!40101 SET character_set_client = @saved_cs_client */;

--
-- Dumping data for table `search_transponder_table`
--

LOCK TABLES `search_transponder_table` WRITE;
/*!40000 ALTER TABLE `search_transponder_table` DISABLE KEYS */;
/*!40000 ALTER TABLE `search_transponder_table` ENABLE KEYS */;
UNLOCK TABLES;

--
-- Table structure for table `subtitle_pids_table`
--

DROP TABLE IF EXISTS `subtitle_pids_table`;
/*!40101 SET @saved_cs_client     = @@character_set_client */;
/*!40101 SET character_set_client = utf8 */;
CREATE TABLE `subtitle_pids_table` (
  `id` int(11) NOT NULL AUTO_INCREMENT COMMENT 'id',
  `board_id` int(11) NOT NULL COMMENT 'board id',
  `module_id` int(11) NOT NULL COMMENT 'module id',
  `program_id` int(11) NOT NULL COMMENT 'program_id',
  `sub_pid` int(11) NOT NULL COMMENT 'sub pid',
  `language` int(11) NOT NULL COMMENT 'language',
  `type` int(11) NOT NULL COMMENT 'type',
  `composition_page_id` int(11) NOT NULL COMMENT 'composition id',
  `ancililary_page_id` int(11) NOT NULL COMMENT 'ancililary id',
  `modify_pid` int(11) NOT NULL DEFAULT '100' COMMENT 'modify pid',
  PRIMARY KEY (`id`)
) ENGINE=InnoDB AUTO_INCREMENT=187 DEFAULT CHARSET=utf8mb4 COLLATE=utf8mb4_unicode_ci COMMENT='subtitle table';
/*!40101 SET character_set_client = @saved_cs_client */;

--
-- Dumping data for table `subtitle_pids_table`
--

LOCK TABLES `subtitle_pids_table` WRITE;
/*!40000 ALTER TABLE `subtitle_pids_table` DISABLE KEYS */;
INSERT INTO `subtitle_pids_table` VALUES (125,1,0,442,1161,12,16,1,0,1161),(126,1,0,444,1105,28,18,1,0,1105),(127,1,0,444,1106,53,18,1,0,1106),(128,1,0,444,1107,0,18,1,0,1107),(129,1,0,444,1112,0,18,1,0,1112),(130,1,0,444,1144,0,18,1,0,1144),(131,1,0,446,1100,18,18,1,0,1100),(132,1,0,447,1103,34,18,1,0,1103),(133,1,0,447,1108,3,18,1,0,1108),(134,1,0,447,1111,12,18,1,0,1111),(135,1,0,447,1124,0,18,1,0,1124),(136,1,0,447,1135,28,18,1,0,1135),(137,1,0,447,1136,53,18,1,0,1136),(138,1,0,447,1159,59,18,1,0,1159),(139,1,0,448,1131,12,16,1,0,1131),(140,1,0,448,1134,0,16,1,0,1134),(141,1,0,450,1114,0,18,1,0,1114),(142,1,0,450,1121,12,18,1,0,1121),(143,1,0,450,1125,28,18,1,0,1125),(144,1,0,450,1146,53,18,1,0,1146),(145,1,0,450,1149,59,18,1,0,1149),(146,1,0,451,1116,53,16,1,0,1116),(147,1,0,531,1116,53,16,1,0,1116),(148,1,0,531,1119,59,16,1,0,1119),(149,1,0,531,1134,0,16,1,0,1134),(150,1,0,531,1151,12,16,1,0,1151),(151,1,0,531,1165,28,16,1,0,1165),(152,1,0,532,1101,12,16,1,0,1101),(153,1,0,532,1107,0,16,1,0,1107),(154,1,0,532,1139,59,16,1,0,1139),(155,1,0,532,1144,0,16,1,0,1144),(156,1,0,532,1146,53,16,1,0,1146),(157,1,0,532,1175,28,16,1,0,1175),(158,1,0,533,1126,53,16,1,0,1126),(159,1,0,533,1127,0,16,1,0,1127),(160,1,0,533,1141,12,16,1,0,1141),(161,1,0,533,1149,59,16,1,0,1149),(162,1,0,533,1154,0,16,1,0,1154),(163,1,0,534,1109,59,16,1,0,1109),(164,1,0,534,1114,0,16,1,0,1114),(165,1,0,534,1128,3,16,1,0,1128),(166,1,0,534,1131,12,16,1,0,1131),(167,1,0,534,1145,28,16,1,0,1145),(168,1,0,534,1166,53,16,1,0,1166),(169,1,0,535,1104,0,16,1,0,1104),(170,1,0,535,1105,28,16,1,0,1105),(171,1,0,535,1106,53,16,1,0,1106),(172,1,0,535,1171,12,16,1,0,1171),(173,1,0,535,1199,59,16,1,0,1199),(174,1,0,536,1103,34,16,1,0,1103),(175,1,0,536,1108,3,16,1,0,1108),(176,1,0,536,1125,28,16,1,0,1125),(177,1,0,536,1129,59,16,1,0,1129),(178,1,0,536,1137,0,16,1,0,1137),(179,1,0,537,1115,28,16,1,0,1115),(180,1,0,537,1117,0,16,1,0,1117),(181,1,0,537,1161,12,16,1,0,1161),(182,1,0,537,1164,0,16,1,0,1164),(183,1,0,537,1189,59,16,1,0,1189),(184,1,0,538,1112,0,16,1,0,1112),(185,1,0,538,1124,0,16,1,0,1124),(186,1,0,538,1136,53,16,1,0,1136);
/*!40000 ALTER TABLE `subtitle_pids_table` ENABLE KEYS */;
UNLOCK TABLES;

--
-- Table structure for table `system_info_table`
--

DROP TABLE IF EXISTS `system_info_table`;
/*!40101 SET @saved_cs_client     = @@character_set_client */;
/*!40101 SET character_set_client = utf8 */;
CREATE TABLE `system_info_table` (
  `log_level` int(11) NOT NULL COMMENT 'log level',
  PRIMARY KEY (`log_level`)
) ENGINE=InnoDB DEFAULT CHARSET=utf8mb4 COLLATE=utf8mb4_unicode_ci COMMENT='system info table';
/*!40101 SET character_set_client = @saved_cs_client */;

--
-- Dumping data for table `system_info_table`
--

LOCK TABLES `system_info_table` WRITE;
/*!40000 ALTER TABLE `system_info_table` DISABLE KEYS */;
INSERT INTO `system_info_table` VALUES (0);
/*!40000 ALTER TABLE `system_info_table` ENABLE KEYS */;
UNLOCK TABLES;

--
-- Table structure for table `transponder_table`
--

DROP TABLE IF EXISTS `transponder_table`;
/*!40101 SET @saved_cs_client     = @@character_set_client */;
/*!40101 SET character_set_client = utf8 */;
CREATE TABLE `transponder_table` (
  `id` int(11) NOT NULL AUTO_INCREMENT COMMENT 'id',
  `sat_id` int(11) NOT NULL COMMENT 'sat id',
  `freq` int(11) NOT NULL COMMENT 'freq',
  `symbol_rate` int(11) NOT NULL COMMENT 'symbol rate',
  `polarization` int(11) NOT NULL COMMENT 'polarization',
  `fec` int(11) NOT NULL COMMENT 'fec',
  `ts_id` int(11) NOT NULL COMMENT 'ts id',
  `on_id` int(11) NOT NULL COMMENT 'on id',
  `eit_id` int(11) NOT NULL COMMENT 'eit id',
  `emm_pids` varchar(256) COLLATE utf8mb4_unicode_ci DEFAULT NULL COMMENT 'emm pids',
  `ca_system_ids` varchar(256) COLLATE utf8mb4_unicode_ci DEFAULT NULL COMMENT 'ca system ids',
  PRIMARY KEY (`id`)
) ENGINE=InnoDB AUTO_INCREMENT=2357 DEFAULT CHARSET=utf8mb4 COLLATE=utf8mb4_unicode_ci COMMENT='transponder table';
/*!40101 SET character_set_client = @saved_cs_client */;

--
-- Dumping data for table `transponder_table`
--

LOCK TABLES `transponder_table` WRITE;
/*!40000 ALTER TABLE `transponder_table` DISABLE KEYS */;
INSERT INTO `transponder_table` VALUES (1,1,10719,22000,1,3,0,0,0,'',NULL),(2,1,10727,27500,0,4,0,0,0,'',NULL),(3,1,10758,27500,1,4,0,0,0,'',NULL),(4,1,10777,27500,0,4,0,0,0,'',NULL),(5,1,10796,27500,1,4,0,0,0,'',NULL),(6,1,10815,27500,0,4,0,0,0,'',NULL),(7,1,10834,30000,1,3,0,0,0,'',NULL),(8,1,10853,27500,0,4,0,0,0,'',NULL),(9,1,10873,27500,1,4,0,0,0,'',NULL),(10,1,10892,27500,0,4,0,0,0,'',NULL),(11,1,10922,27500,1,4,0,0,0,'',NULL),(12,1,10930,27500,0,4,0,0,0,'',NULL),(13,1,10992,5000,1,0,0,0,0,'',NULL),(14,1,11059,23700,0,3,0,0,0,'',NULL),(15,1,11158,5000,1,0,0,0,0,'',NULL),(16,1,11219,27500,0,4,0,0,0,'',NULL),(17,1,11227,27500,1,4,0,0,0,'',NULL),(18,1,11258,27500,0,4,0,0,0,'',NULL),(19,1,11277,27500,1,2,0,0,0,'',NULL),(20,1,11296,27500,0,3,0,0,0,'',NULL),(21,1,11315,27500,1,4,0,0,0,'',NULL),(22,1,11334,27500,0,4,0,0,0,'',NULL),(23,1,11354,27500,1,4,0,0,0,'',NULL),(24,1,11373,27500,0,2,0,0,0,'',NULL),(25,1,11392,27500,1,4,0,0,0,'',NULL),(26,1,11411,30000,0,3,0,0,0,'',NULL),(27,1,11430,27500,1,4,0,0,0,'',NULL),(28,1,11449,27500,0,4,0,0,0,'',NULL),(29,1,11475,27500,1,3,0,0,0,'',NULL),(30,1,11488,27500,0,4,0,0,0,'',NULL),(31,1,11514,27500,1,2,0,0,0,'',NULL),(32,1,11526,27500,0,4,0,0,0,'',NULL),(33,1,11559,27500,1,4,0,0,0,'',NULL),(34,1,11603,27500,0,4,0,0,0,'',NULL),(35,1,11641,27500,0,4,0,0,0,'',NULL),(36,1,11658,27500,1,2,0,0,0,'',NULL),(37,1,11680,27500,0,3,0,0,0,'',NULL),(38,1,11682,4814,1,1,0,0,0,'',NULL),(39,1,11727,30000,0,3,0,0,0,'',NULL),(40,1,11747,27500,1,3,0,0,0,'',NULL),(41,1,11766,27500,0,4,0,0,0,'',NULL),(42,1,11785,27500,1,3,0,0,0,'',NULL),(43,1,11804,30000,0,3,0,0,0,'',NULL),(44,1,11823,27500,1,4,0,0,0,'',NULL),(45,1,11843,27500,0,4,0,0,0,'',NULL),(46,1,11862,27500,1,2,0,0,0,'',NULL),(47,1,11881,30000,0,3,0,0,0,'',NULL),(48,1,11900,27500,1,4,0,0,0,'',NULL),(49,1,11919,27500,0,3,0,0,0,'',NULL),(50,1,11938,27500,1,4,0,0,0,'',NULL),(51,1,11958,27500,0,4,0,0,0,'',NULL),(52,1,11977,27500,1,4,0,0,0,'',NULL),(53,1,11996,30000,0,3,0,0,0,'',NULL),(54,1,12015,27500,1,4,0,0,0,'',NULL),(55,1,12034,27500,0,4,0,0,0,'',NULL),(56,1,12054,27500,1,4,0,0,0,'',NULL),(57,1,12073,30000,0,3,0,0,0,'',NULL),(58,1,12092,27500,1,2,0,0,0,'',NULL),(59,1,12111,27500,0,3,0,0,0,'',NULL),(60,1,12130,27500,1,4,0,0,0,'',NULL),(61,1,12149,27500,0,3,0,0,0,'',NULL),(62,1,12169,27500,1,4,0,0,0,'',NULL),(63,1,12188,27500,0,3,0,0,0,'',NULL),(64,1,12207,27500,1,3,0,0,0,'',NULL),(65,1,12226,27500,0,4,0,0,0,'',NULL),(66,1,12245,27500,1,2,0,0,0,'',NULL),(67,1,12265,27500,0,2,0,0,0,'',NULL),(68,1,12284,27500,1,4,0,0,0,'',NULL),(69,1,12322,30000,1,3,0,0,0,'',NULL),(70,1,12341,27500,0,4,0,0,0,'',NULL),(71,1,12360,27500,1,4,0,0,0,'',NULL),(72,1,12380,27500,0,4,0,0,0,'',NULL),(73,1,12399,27500,1,4,0,0,0,'',NULL),(74,1,12418,27500,0,3,0,0,0,'',NULL),(75,1,12437,27500,1,4,0,0,0,'',NULL),(76,1,12467,27500,0,2,0,0,0,'',NULL),(78,2,10730,27500,1,3,0,0,0,'',NULL),(79,2,10810,27500,1,3,0,0,0,'',NULL),(80,2,10850,27500,0,3,0,0,0,'',NULL),(81,2,10890,27500,0,3,0,0,0,'',NULL),(82,2,10890,27500,1,3,0,0,0,'',NULL),(83,2,10930,27500,1,3,0,0,0,'',NULL),(84,2,10970,27500,1,3,0,0,0,'',NULL),(85,2,11045,27500,0,2,0,0,0,'',NULL),(86,2,11065,27500,1,2,0,0,0,'',NULL),(87,2,11084,27500,0,2,0,0,0,'',NULL),(88,2,11103,27500,1,2,0,0,0,'',NULL),(89,2,11123,27500,0,2,0,0,0,'',NULL),(90,2,11142,27500,1,3,0,0,0,'',NULL),(91,2,11180,27500,1,2,0,0,0,'',NULL),(92,2,11230,27500,0,4,0,0,0,'',NULL),(93,2,11270,27500,1,4,0,0,0,'',NULL),(94,2,11390,27500,1,2,0,0,0,'',NULL),(95,2,11547,27500,1,2,0,0,0,'',NULL),(96,2,11563,1500,0,3,0,0,0,'',NULL),(97,2,11566,27500,0,2,0,0,0,'',NULL),(98,2,11585,27500,1,2,0,0,0,'',NULL),(99,2,11604,27500,0,3,0,0,0,'',NULL),(100,2,11623,27500,1,2,0,0,0,'',NULL),(101,2,11642,27500,0,2,0,0,0,'',NULL),(102,2,11669,27500,1,2,0,0,0,'',NULL),(103,2,11678,27500,0,3,0,0,0,'',NULL),(104,2,11727,27500,0,3,0,0,0,'',NULL),(105,2,11747,27500,1,3,0,0,0,'',NULL),(106,2,11766,27500,0,4,0,0,0,'',NULL),(107,2,11785,27500,1,3,0,0,0,'',NULL),(108,2,11804,27500,0,3,0,0,0,'',NULL),(109,2,11823,27500,1,3,0,0,0,'',NULL),(110,2,11843,27500,0,3,0,0,0,'',NULL),(111,2,11862,27500,1,3,0,0,0,'',NULL),(112,2,11881,27500,0,4,0,0,0,'',NULL),(113,2,11900,27500,1,3,0,0,0,'',NULL),(114,2,11938,27500,1,4,0,0,0,'',NULL),(115,2,11958,27500,0,4,0,0,0,'',NULL),(116,2,11977,27500,1,4,0,0,0,'',NULL),(117,2,11996,27500,0,3,0,0,0,'',NULL),(118,2,12015,27500,1,3,0,0,0,'',NULL),(119,2,12034,27500,0,4,0,0,0,'',NULL),(120,2,12054,27500,1,4,0,0,0,'',NULL),(121,2,12073,27500,0,3,0,0,0,'',NULL),(122,2,12092,27500,1,4,0,0,0,'',NULL),(123,2,12111,27500,0,4,0,0,0,'',NULL),(124,2,12130,27500,1,3,0,0,0,'',NULL),(125,2,12149,27500,0,4,0,0,0,'',NULL),(126,2,12169,22000,1,3,0,0,0,'',NULL),(127,2,12182,16200,0,3,0,0,0,'',NULL),(128,2,12226,27500,0,3,0,0,0,'',NULL),(129,2,12245,27500,1,3,0,0,0,'',NULL),(130,2,12265,27500,0,3,0,0,0,'',NULL),(131,2,12284,27500,1,4,0,0,0,'',NULL),(132,2,12303,27500,0,4,0,0,0,'',NULL),(133,2,12303,32000,0,0,0,0,0,'',NULL),(134,2,12322,27500,1,3,0,0,0,'',NULL),(135,2,12360,27500,1,3,0,0,0,'',NULL),(136,2,12380,27500,0,4,0,0,0,'',NULL),(137,2,12399,27500,1,3,0,0,0,'',NULL),(138,2,12418,27500,0,3,0,0,0,'',NULL),(139,2,12437,27500,1,4,0,0,0,'',NULL),(140,2,12456,27500,0,3,0,0,0,'',NULL),(141,2,12476,27500,1,3,0,0,0,'',NULL),(142,2,12523,27500,0,3,0,0,0,'',NULL),(143,2,12523,27500,1,3,0,0,0,'',NULL),(144,2,12563,27500,1,3,0,0,0,'',NULL),(145,2,12601,3600,0,4,0,0,0,'',NULL),(146,2,12643,27500,0,4,0,0,0,'',NULL),(147,2,12667,3200,0,3,0,0,0,'',NULL),(148,2,12683,27500,1,3,0,0,0,'',NULL),(149,3,10719,27500,1,3,0,0,0,'',NULL),(150,3,10727,30000,0,3,0,0,0,'',NULL),(151,3,10758,27500,1,3,0,0,0,'',NULL),(152,3,10775,27500,0,4,0,0,0,'',NULL),(153,3,10796,27500,1,3,0,0,0,'',NULL),(154,3,10815,27500,0,4,0,0,0,'',NULL),(155,3,10834,27500,1,3,0,0,0,'',NULL),(156,3,10853,29900,0,2,0,0,0,'',NULL),(157,3,10873,27500,1,3,0,0,0,'',NULL),(158,3,10892,27500,0,3,0,0,0,'',NULL),(159,3,10911,27500,1,3,0,0,0,'',NULL),(160,3,10930,30000,0,2,0,0,0,'',NULL),(161,3,10949,27500,1,3,0,0,0,'',NULL),(162,3,10971,29700,0,2,0,0,0,'',NULL),(163,3,10992,27500,1,2,0,0,0,'',NULL),(164,3,11013,29900,0,3,0,0,0,'',NULL),(165,3,11034,27500,1,3,0,0,0,'',NULL),(166,3,11054,27500,0,4,0,0,0,'',NULL),(167,3,11075,27500,1,2,0,0,0,'',NULL),(168,3,11117,27500,1,3,0,0,0,'',NULL),(169,3,11137,27500,0,3,0,0,0,'',NULL),(170,3,11158,27500,1,3,0,0,0,'',NULL),(171,3,11179,27500,0,3,0,0,0,'',NULL),(172,3,11200,27500,1,4,0,0,0,'',NULL),(173,3,11219,29900,0,3,0,0,0,'',NULL),(174,3,11240,27500,1,3,0,0,0,'',NULL),(175,3,11278,27500,1,3,0,0,0,'',NULL),(176,3,11296,27500,0,4,0,0,0,'',NULL),(177,3,11317,27500,1,3,0,0,0,'',NULL),(178,3,11334,27500,0,3,0,0,0,'',NULL),(179,3,11355,29900,1,4,0,0,0,'',NULL),(180,3,11373,27500,0,3,0,0,0,'',NULL),(181,3,11393,27500,1,3,0,0,0,'',NULL),(182,3,11411,27500,0,3,0,0,0,'',NULL),(183,3,11432,29900,1,3,0,0,0,'',NULL),(184,3,11449,27500,0,3,0,0,0,'',NULL),(185,3,11471,27500,1,4,0,0,0,'',NULL),(186,3,11488,27500,0,3,0,0,0,'',NULL),(187,3,11508,27500,1,3,0,0,0,'',NULL),(188,3,11526,29700,0,2,0,0,0,'',NULL),(189,3,11541,22000,1,4,0,0,0,'',NULL),(190,3,11566,29900,0,3,0,0,0,'',NULL),(191,3,11585,27500,1,4,0,0,0,'',NULL),(192,3,11604,27500,0,4,0,0,0,'',NULL),(193,3,11623,27500,1,3,0,0,0,'',NULL),(194,3,11642,27500,0,3,0,0,0,'',NULL),(195,3,11662,27500,1,3,0,0,0,'',NULL),(196,3,11681,27500,0,3,0,0,0,'',NULL),(197,3,11727,27500,1,3,0,0,0,'',NULL),(198,3,11747,27500,0,3,0,0,0,'',NULL),(199,3,11766,29900,1,3,0,0,0,'',NULL),(200,3,11785,29900,0,3,0,0,0,'',NULL),(201,3,11804,27500,1,2,0,0,0,'',NULL),(202,3,11823,27500,0,3,0,0,0,'',NULL),(203,3,11843,29900,1,3,0,0,0,'',NULL),(204,3,11862,29900,0,4,0,0,0,'',NULL),(205,3,11881,27500,1,3,0,0,0,'',NULL),(206,3,11900,29900,0,3,0,0,0,'',NULL),(207,3,11919,29900,1,4,0,0,0,'',NULL),(208,3,11938,27500,0,3,0,0,0,'',NULL),(209,3,11958,27500,1,3,0,0,0,'',NULL),(210,3,11977,29900,0,4,0,0,0,'',NULL),(211,3,11996,29900,1,3,0,0,0,'',NULL),(212,3,12015,27500,0,3,0,0,0,'',NULL),(213,3,12034,29900,1,4,0,0,0,'',NULL),(214,3,12054,29900,0,4,0,0,0,'',NULL),(215,3,12073,29900,1,4,0,0,0,'',NULL),(216,3,12092,29900,0,3,0,0,0,'',NULL),(217,3,12111,27500,1,3,0,0,0,'',NULL),(218,3,12130,27500,0,3,0,0,0,'',NULL),(219,3,12149,27500,1,3,0,0,0,'',NULL),(220,3,12169,27500,0,3,0,0,0,'',NULL),(221,3,12188,27500,1,3,0,0,0,'',NULL),(222,3,12207,29900,0,3,0,0,0,'',NULL),(223,3,12226,27500,1,3,0,0,0,'',NULL),(224,3,12245,29900,0,4,0,0,0,'',NULL),(225,3,12265,27500,1,3,0,0,0,'',NULL),(226,3,12284,27500,0,3,0,0,0,'',NULL),(227,3,12303,27500,1,3,0,0,0,'',NULL),(228,3,12322,27500,0,3,0,0,0,'',NULL),(229,3,12341,29900,1,3,0,0,0,'',NULL),(230,3,12360,29900,0,3,0,0,0,'',NULL),(231,3,12380,27500,1,3,0,0,0,'',NULL),(232,3,12399,29700,0,2,0,0,0,'',NULL),(233,3,12418,29900,1,3,0,0,0,'',NULL),(234,3,12437,29900,0,3,0,0,0,'',NULL),(235,3,12466,29900,1,3,0,0,0,'',NULL),(236,3,12476,29900,0,3,0,0,0,'',NULL),(237,3,12520,27500,1,4,0,0,0,'',NULL),(238,3,12539,30000,0,4,0,0,0,'',NULL),(239,3,12558,27500,1,3,0,0,0,'',NULL),(240,3,12597,27500,1,3,0,0,0,'',NULL),(241,3,12616,29900,0,4,0,0,0,'',NULL),(242,3,12635,29900,1,4,0,0,0,'',NULL),(243,3,12654,27500,0,4,0,0,0,'',NULL),(244,3,12673,29900,1,4,0,0,0,'',NULL),(245,3,12692,27500,0,3,0,0,0,'',NULL),(246,3,12713,29900,1,4,0,0,0,'',NULL),(247,3,12731,29900,0,4,0,0,0,'',NULL),(248,4,10714,22000,0,2,0,0,0,'',NULL),(249,4,10729,22000,1,2,0,0,0,'',NULL),(250,4,10744,22000,0,4,0,0,0,'',NULL),(251,4,10758,22000,1,4,0,0,0,'',NULL),(252,4,10773,22000,0,3,0,0,0,'',NULL),(253,4,10788,22000,1,4,0,0,0,'',NULL),(254,4,10803,22000,0,3,0,0,0,'',NULL),(255,4,10818,22000,1,2,0,0,0,'',NULL),(256,4,10832,22000,0,2,0,0,0,'',NULL),(257,4,10847,22000,1,4,0,0,0,'',NULL),(258,4,10862,23500,0,2,0,0,0,'',NULL),(259,4,10876,22000,1,4,0,0,0,'',NULL),(260,4,10891,22000,0,2,0,0,0,'',NULL),(261,4,10906,22000,1,2,0,0,0,'',NULL),(262,4,10921,22000,0,5,0,0,0,'',NULL),(263,4,10936,22000,1,2,0,0,0,'',NULL),(264,4,10964,22000,0,2,0,0,0,'',NULL),(265,4,10979,22000,1,4,0,0,0,'',NULL),(266,4,10994,22000,0,4,0,0,0,'',NULL),(267,4,11023,23500,0,3,0,0,0,'',NULL),(268,4,11038,22000,1,4,0,0,0,'',NULL),(269,4,11053,22000,0,2,0,0,0,'',NULL),(270,4,11068,22000,1,4,0,0,0,'',NULL),(271,4,11082,22000,0,3,0,0,0,'',NULL),(272,4,11097,22000,1,4,0,0,0,'',NULL),(273,4,11112,22000,0,2,0,0,0,'',NULL),(274,4,11127,22000,1,2,0,0,0,'',NULL),(275,4,11156,22000,1,4,0,0,0,'',NULL),(276,4,11171,22000,0,3,0,0,0,'',NULL),(277,4,11186,22000,1,4,0,0,0,'',NULL),(278,4,11229,22000,1,2,0,0,0,'',NULL),(279,4,11244,22000,0,4,0,0,0,'',NULL),(280,4,11259,22000,1,2,0,0,0,'',NULL),(281,4,11273,22000,0,2,0,0,0,'',NULL),(282,4,11288,22000,1,2,0,0,0,'',NULL),(283,4,11303,22000,0,2,0,0,0,'',NULL),(284,4,11318,22000,1,4,0,0,0,'',NULL),(285,4,11347,22000,1,2,0,0,0,'',NULL),(286,4,11362,22000,0,2,0,0,0,'',NULL),(287,4,11377,22000,1,2,0,0,0,'',NULL),(288,4,11391,22000,0,4,0,0,0,'',NULL),(289,4,11421,22000,0,4,0,0,0,'',NULL),(290,4,11436,22000,1,2,0,0,0,'',NULL),(291,4,11464,22000,0,2,0,0,0,'',NULL),(292,4,11494,22000,0,2,0,0,0,'',NULL),(293,4,11509,22000,1,4,0,0,0,'',NULL),(294,4,11538,22000,1,4,0,0,0,'',NULL),(295,4,11553,22000,0,2,0,0,0,'',NULL),(296,4,11582,22000,0,2,0,0,0,'',NULL),(297,4,11597,22000,1,4,0,0,0,'',NULL),(298,4,11612,22000,0,4,0,0,0,'',NULL),(299,4,11627,22000,1,4,0,0,0,'',NULL),(300,4,11656,22000,1,2,0,0,0,'',NULL),(301,4,11671,22000,0,2,0,0,0,'',NULL),(302,4,11686,22000,1,4,0,0,0,'',NULL),(303,4,11720,27500,0,0,0,0,0,'',NULL),(304,4,11739,27500,1,3,0,0,0,'',NULL),(305,4,11758,27500,0,0,0,0,0,'',NULL),(306,4,11798,27500,0,0,0,0,0,'',NULL),(307,4,11817,29700,1,2,0,0,0,'',NULL),(308,4,11836,27500,0,3,0,0,0,'',NULL),(309,4,11856,29700,1,2,0,0,0,'',NULL),(310,4,11876,27500,0,3,0,0,0,'',NULL),(311,4,11895,29700,1,2,0,0,0,'',NULL),(312,4,11914,27500,0,0,0,0,0,'',NULL),(313,4,11934,29700,1,2,0,0,0,'',NULL),(314,4,11954,27500,0,3,0,0,0,'',NULL),(315,4,11973,27500,1,3,0,0,0,'',NULL),(316,4,11992,27500,0,0,0,0,0,'',NULL),(317,4,12012,29700,1,2,0,0,0,'',NULL),(318,4,12032,27500,0,0,0,0,0,'',NULL),(319,4,12051,27500,1,3,0,0,0,'',NULL),(320,4,12070,27500,0,0,0,0,0,'',NULL),(321,4,12090,29700,1,2,0,0,0,'',NULL),(322,4,12110,27500,0,3,0,0,0,'',NULL),(323,4,12129,29700,1,2,0,0,0,'',NULL),(324,4,12148,27500,0,3,0,0,0,'',NULL),(325,4,12168,29700,1,2,0,0,0,'',NULL),(326,4,12188,27500,0,3,0,0,0,'',NULL),(327,4,12207,29700,1,2,0,0,0,'',NULL),(328,4,12226,27500,0,3,0,0,0,'',NULL),(329,4,12246,29700,1,2,0,0,0,'',NULL),(330,4,12266,27500,0,3,0,0,0,'',NULL),(331,4,12285,29700,1,2,0,0,0,'',NULL),(332,4,12304,27500,0,0,0,0,0,'',NULL),(333,4,12324,29700,1,2,0,0,0,'',NULL),(334,4,12344,30000,0,2,0,0,0,'',NULL),(335,4,12363,27500,1,3,0,0,0,'',NULL),(336,4,12382,27500,0,0,0,0,0,'',NULL),(337,4,12402,29700,1,2,0,0,0,'',NULL),(338,4,12422,27500,0,3,0,0,0,'',NULL),(339,4,12441,29700,1,2,0,0,0,'',NULL),(340,4,12460,27500,0,3,0,0,0,'',NULL),(341,4,12480,27500,1,3,0,0,0,'',NULL),(342,4,12515,22000,0,4,0,0,0,'',NULL),(343,4,12545,22000,0,4,0,0,0,'',NULL),(344,4,12552,22000,1,4,0,0,0,'',NULL),(345,4,12574,22000,0,2,0,0,0,'',NULL),(346,4,12604,22000,0,4,0,0,0,'',NULL),(347,4,12633,22000,0,4,0,0,0,'',NULL),(348,4,12663,22000,0,4,0,0,0,'',NULL),(349,4,12692,22000,0,4,0,0,0,'',NULL),(350,4,12728,22000,1,2,0,0,0,'',NULL),(351,5,11050,17054,1,0,0,0,0,'',NULL),(352,5,11087,17054,0,0,0,0,0,'',NULL),(353,5,11320,1700,0,4,0,0,0,'',NULL),(354,5,11380,3655,0,6,0,0,0,'',NULL),(355,5,11460,2640,0,3,0,0,0,'',NULL),(356,5,11462,1146,0,4,0,0,0,'',NULL),(357,5,11476,1830,0,3,0,0,0,'',NULL),(358,5,11481,45000,0,0,0,0,0,'',NULL),(359,5,11604,9720,0,3,0,0,0,'',NULL),(360,5,11642,1111,0,3,0,0,0,'',NULL),(361,5,11645,2220,0,4,0,0,0,'',NULL),(362,5,11651,1482,0,3,0,0,0,'',NULL),(363,5,11667,1500,1,3,0,0,0,'',NULL),(364,5,11673,1850,1,0,0,0,0,'',NULL),(365,5,11679,1850,1,4,0,0,0,'',NULL),(366,5,11682,1667,1,0,0,0,0,'',NULL),(367,5,11694,2300,1,4,0,0,0,'',NULL),(368,5,11697,1500,1,3,0,0,0,'',NULL),(369,5,12510,2688,0,3,0,0,0,'',NULL),(370,5,12526,4444,0,3,0,0,0,'',NULL),(371,5,12531,2115,0,4,0,0,0,'',NULL),(372,5,12560,1500,1,3,0,0,0,'',NULL),(373,5,12571,1667,1,4,0,0,0,'',NULL),(374,5,12574,1447,1,3,0,0,0,'',NULL),(375,5,12576,1515,1,2,0,0,0,'',NULL),(376,5,12702,13960,0,6,0,0,0,'',NULL),(377,5,12720,13960,0,6,0,0,0,'',NULL),(378,5,12734,16750,1,6,0,0,0,'',NULL),(379,5,12737,2930,0,3,0,0,0,'',NULL),(380,6,11265,30000,0,3,0,0,0,'',NULL),(381,6,11265,30000,1,3,0,0,0,'',NULL),(382,6,11305,30000,0,3,0,0,0,'',NULL),(383,6,11305,30000,1,3,0,0,0,'',NULL),(384,6,11345,30000,0,3,0,0,0,'',NULL),(385,6,11345,30000,1,3,0,0,0,'',NULL),(386,6,11385,30000,0,3,0,0,0,'',NULL),(387,6,11385,30000,1,3,0,0,0,'',NULL),(388,6,11727,27500,0,2,0,0,0,'',NULL),(389,6,11747,27500,1,3,0,0,0,'',NULL),(390,6,11747,30000,1,3,0,0,0,'',NULL),(391,6,11766,27500,0,3,0,0,0,'',NULL),(392,6,11785,27500,1,3,0,0,0,'',NULL),(393,6,11804,27500,0,3,0,0,0,'',NULL),(394,6,11823,27500,1,3,0,0,0,'',NULL),(395,6,11843,27500,0,3,0,0,0,'',NULL),(396,6,11862,27500,1,3,0,0,0,'',NULL),(397,6,11881,27500,0,3,0,0,0,'',NULL),(398,6,11881,28000,0,3,0,0,0,'',NULL),(399,6,11900,27500,1,2,0,0,0,'',NULL),(400,6,11919,27500,0,3,0,0,0,'',NULL),(401,6,11919,28000,0,3,0,0,0,'',NULL),(402,6,11938,27500,1,3,0,0,0,'',NULL),(403,6,11958,27500,0,3,0,0,0,'',NULL),(404,6,11977,27500,1,3,0,0,0,'',NULL),(405,6,11996,27500,0,3,0,0,0,'',NULL),(406,6,12015,29950,1,3,0,0,0,'',NULL),(407,6,12015,27500,1,3,0,0,0,'',NULL),(408,6,12034,27500,0,3,0,0,0,'',NULL),(409,6,12054,30000,1,3,0,0,0,'',NULL),(410,6,12054,27500,1,3,0,0,0,'',NULL),(411,6,12073,27500,0,3,0,0,0,'',NULL),(412,6,12092,30000,1,2,0,0,0,'',NULL),(413,6,12130,27500,1,3,0,0,0,'',NULL),(414,6,12149,27500,0,3,0,0,0,'',NULL),(415,6,12188,30000,0,4,0,0,0,'',NULL),(416,6,12207,30000,1,2,0,0,0,'',NULL),(417,6,12245,27500,1,3,0,0,0,'',NULL),(418,6,12265,27500,0,3,0,0,0,'',NULL),(419,6,12265,30000,0,3,0,0,0,'',NULL),(420,6,12284,27500,1,3,0,0,0,'',NULL),(421,6,12303,27500,0,3,0,0,0,'',NULL),(422,6,12303,25546,0,5,0,0,0,'',NULL),(423,6,12322,27500,1,4,0,0,0,'',NULL),(424,6,12341,27500,0,3,0,0,0,'',NULL),(425,6,12341,30000,0,3,0,0,0,'',NULL),(426,6,12360,27500,1,4,0,0,0,'',NULL),(427,6,12380,27500,0,3,0,0,0,'',NULL),(428,6,12399,27500,1,3,0,0,0,'',NULL),(429,6,12418,27500,0,3,0,0,0,'',NULL),(430,6,12437,27500,1,3,0,0,0,'',NULL),(431,6,12565,30000,1,4,0,0,0,'',NULL),(432,6,12580,1500,0,4,0,0,0,'',NULL),(433,6,12608,27500,0,3,0,0,0,'',NULL),(434,6,12621,3660,1,2,0,0,0,'',NULL),(435,6,12637,14468,0,3,0,0,0,'',NULL),(436,6,12735,3333,0,4,0,0,0,'',NULL),(437,7,10721,27500,1,3,0,0,0,'',NULL),(438,7,10721,22000,0,3,0,0,0,'',NULL),(439,7,10721,30000,0,2,0,0,0,'',NULL),(440,7,10762,30000,0,2,0,0,0,'',NULL),(441,7,10804,30000,0,4,0,0,0,'',NULL),(442,7,10804,30000,1,4,0,0,0,'',NULL),(443,7,10845,30000,0,4,0,0,0,'',NULL),(444,7,10845,30000,1,4,0,0,0,'',NULL),(445,7,10887,30000,0,4,0,0,0,'',NULL),(446,7,10887,30000,1,4,0,0,0,'',NULL),(447,7,10928,30000,0,4,0,0,0,'',NULL),(448,7,10928,30000,1,4,0,0,0,'',NULL),(449,7,11046,8335,0,4,0,0,0,'',NULL),(450,7,11125,3255,1,3,0,0,0,'',NULL),(451,7,11192,3210,0,3,0,0,0,'',NULL),(452,7,11221,27500,0,3,0,0,0,'',NULL),(453,7,11262,27500,0,4,0,0,0,'',NULL),(454,7,11304,29700,0,2,0,0,0,'',NULL),(455,7,11324,29700,1,2,0,0,0,'',NULL),(456,7,11345,27500,0,4,0,0,0,'',NULL),(457,7,11356,45000,0,4,0,0,0,'',NULL),(458,7,11387,27500,0,4,0,0,0,'',NULL),(459,7,11419,45000,0,4,0,0,0,'',NULL),(460,7,11471,30000,0,4,0,0,0,'',NULL),(461,7,11492,30000,1,4,0,0,0,'',NULL),(462,7,11513,29900,0,4,0,0,0,'',NULL),(463,7,11534,30000,1,4,0,0,0,'',NULL),(464,7,11554,30000,0,4,0,0,0,'',NULL),(465,7,11575,30000,1,3,0,0,0,'',NULL),(466,7,11596,30000,0,4,0,0,0,'',NULL),(467,7,11617,30000,1,4,0,0,0,'',NULL),(468,7,11637,30000,0,4,0,0,0,'',NULL),(469,7,12530,1480,0,2,0,0,0,'',NULL),(470,7,12549,2222,1,4,0,0,0,'',NULL),(471,7,12556,4035,1,4,0,0,0,'',NULL),(472,7,12604,30000,0,2,0,0,0,'',NULL),(473,7,12645,30000,0,2,0,0,0,'',NULL),(474,8,11727,30000,1,3,0,0,0,'',NULL),(475,8,11747,30000,0,3,0,0,0,'',NULL),(476,8,11785,27500,0,2,0,0,0,'',NULL),(477,8,11804,27500,1,2,0,0,0,'',NULL),(478,8,11823,27500,0,3,0,0,0,'',NULL),(479,8,11843,27500,1,6,0,0,0,'',NULL),(480,8,11861,27500,0,2,0,0,0,'',NULL),(481,8,11881,27500,1,2,0,0,0,'',NULL),(482,8,11900,27500,0,2,0,0,0,'',NULL),(483,8,11919,27500,1,3,0,0,0,'',NULL),(484,8,11938,27500,0,2,0,0,0,'',NULL),(485,8,11958,27500,1,2,0,0,0,'',NULL),(486,8,11977,27500,0,2,0,0,0,'',NULL),(487,8,11996,27500,1,3,0,0,0,'',NULL),(488,8,12015,27500,0,2,0,0,0,'',NULL),(489,8,12034,27500,1,3,0,0,0,'',NULL),(490,8,12054,27500,0,2,0,0,0,'',NULL),(491,8,12074,30000,1,3,0,0,0,'',NULL),(492,8,12092,27500,0,3,0,0,0,'',NULL),(493,8,12111,31400,1,0,0,0,0,'',NULL),(494,8,12111,27500,1,4,0,0,0,'',NULL),(495,8,12130,27500,0,2,0,0,0,'',NULL),(496,8,12149,27500,1,4,0,0,0,'',NULL),(497,8,12169,27500,0,2,0,0,0,'',NULL),(498,8,12188,27500,1,4,0,0,0,'',NULL),(499,8,12207,27500,0,2,0,0,0,'',NULL),(500,8,12226,27500,1,4,0,0,0,'',NULL),(501,8,12245,27500,0,2,0,0,0,'',NULL),(502,8,12284,27500,0,2,0,0,0,'',NULL),(503,8,12322,27500,0,2,0,0,0,'',NULL),(504,8,12341,31400,1,4,0,0,0,'',NULL),(505,8,12360,27500,0,2,0,0,0,'',NULL),(506,8,12399,27500,0,2,0,0,0,'',NULL),(507,8,12437,27500,0,2,0,0,0,'',NULL),(508,8,12475,27500,0,2,0,0,0,'',NULL),(509,9,10733,2025,1,4,0,0,0,'',NULL),(510,9,10747,4000,1,0,0,0,0,'',NULL),(511,9,10756,2480,1,5,0,0,0,'',NULL),(512,9,10836,3000,1,3,0,0,0,'',NULL),(513,9,10840,3255,1,1,0,0,0,'',NULL),(514,9,10961,1333,0,2,0,0,0,'',NULL),(515,9,10970,4167,1,4,0,0,0,'',NULL),(516,9,11007,4800,1,3,0,0,0,'',NULL),(517,9,11113,2500,1,3,0,0,0,'',NULL),(518,9,11164,4000,1,0,0,0,0,'',NULL),(519,9,11221,30000,1,4,0,0,0,'',NULL),(520,9,11346,27500,0,3,0,0,0,'',NULL),(521,9,11568,2500,1,2,0,0,0,'',NULL),(522,9,11572,1667,1,3,0,0,0,'',NULL),(523,9,11624,3800,1,0,0,0,0,'',NULL),(524,9,11630,3800,1,0,0,0,0,'',NULL),(525,9,11638,5300,0,4,0,0,0,'',NULL),(526,9,11639,3650,1,2,0,0,0,'',NULL),(527,9,11645,4800,0,0,0,0,0,'',NULL),(528,9,11663,3830,0,3,0,0,0,'',NULL),(529,9,11676,11153,0,5,0,0,0,'',NULL),(530,9,11681,3200,0,4,0,0,0,'',NULL),(531,9,12509,2667,0,4,0,0,0,'',NULL),(532,9,12520,1100,0,4,0,0,0,'',NULL),(533,9,12637,18400,1,2,0,0,0,'',NULL),(534,10,10721,27500,0,3,0,0,0,'',NULL),(535,10,10762,30000,0,6,0,0,0,'',NULL),(536,10,10804,29950,0,2,0,0,0,'',NULL),(537,10,10804,30000,0,2,0,0,0,'',NULL),(538,10,10845,30000,0,6,0,0,0,'',NULL),(539,10,10887,30000,0,6,0,0,0,'',NULL),(540,10,10928,30000,0,6,0,0,0,'',NULL),(541,10,10972,27500,1,6,0,0,0,'',NULL),(542,10,10977,30000,0,3,0,0,0,'',NULL),(543,10,11004,8332,0,4,0,0,0,'',NULL),(544,10,11011,27500,1,6,0,0,0,'',NULL),(545,10,11016,1500,0,0,0,0,0,'',NULL),(546,10,11019,1795,0,0,0,0,0,'',NULL),(547,10,11024,3333,0,4,0,0,0,'',NULL),(548,10,11055,27500,1,0,0,0,0,'',NULL),(549,10,11094,27500,1,0,0,0,0,'',NULL),(550,10,11131,16593,1,2,0,0,0,'',NULL),(551,10,11151,13268,1,2,0,0,0,'',NULL),(552,10,11178,30000,1,6,0,0,0,'',NULL),(553,10,11221,30000,0,6,0,0,0,'',NULL),(554,10,11231,42000,1,0,0,0,0,'',NULL),(555,10,11262,30000,0,2,0,0,0,'',NULL),(556,10,11283,30000,1,2,0,0,0,'',NULL),(557,10,11303,30000,0,2,0,0,0,'',NULL),(558,10,11324,30000,1,2,0,0,0,'',NULL),(559,10,11345,30000,0,3,0,0,0,'',NULL),(560,10,11366,30000,1,2,0,0,0,'',NULL),(561,10,11387,30000,0,6,0,0,0,'',NULL),(562,10,11400,13846,1,3,0,0,0,'',NULL),(563,10,11427,27500,1,4,0,0,0,'',NULL),(564,10,11470,30000,1,4,0,0,0,'',NULL),(565,10,11471,30000,0,3,0,0,0,'',NULL),(566,10,11512,30000,0,3,0,0,0,'',NULL),(567,10,11512,29950,1,2,0,0,0,'',NULL),(568,10,11554,30000,0,3,0,0,0,'',NULL),(569,10,11554,30000,1,4,0,0,0,'',NULL),(570,10,11595,30000,0,3,0,0,0,'',NULL),(571,10,11595,30000,1,4,0,0,0,'',NULL),(572,10,11596,29980,0,0,0,0,0,'',NULL),(573,10,11637,30000,0,4,0,0,0,'',NULL),(574,10,11678,30000,0,3,0,0,0,'',NULL),(575,10,12521,30000,0,2,0,0,0,'',NULL),(576,10,12523,10850,1,2,0,0,0,'',NULL),(577,10,12541,19970,1,3,0,0,0,'',NULL),(578,10,12562,30000,0,2,0,0,0,'',NULL),(579,10,12564,3617,1,3,0,0,0,'',NULL),(580,10,12570,3703,0,5,0,0,0,'',NULL),(581,10,12593,2500,1,2,0,0,0,'',NULL),(582,10,12597,2848,1,2,0,0,0,'',NULL),(583,10,12604,30000,0,2,0,0,0,'',NULL),(584,10,12640,10833,0,6,0,0,0,'',NULL),(585,10,12643,12500,1,3,0,0,0,'',NULL),(586,10,12654,11111,0,2,0,0,0,'',NULL),(587,10,12660,2222,0,4,0,0,0,'',NULL),(588,10,12699,9880,0,1,0,0,0,'',NULL),(589,10,12717,7500,0,3,0,0,0,'',NULL),(590,10,12738,4500,0,3,0,0,0,'',NULL),(591,11,10919,33707,0,6,0,0,0,'',NULL),(592,11,11175,2067,1,3,0,0,0,'',NULL),(593,11,11358,7500,1,2,0,0,0,'',NULL),(594,11,11394,2690,0,3,0,0,0,'',NULL),(595,11,11484,1480,0,3,0,0,0,'',NULL),(596,11,11486,1497,0,4,0,0,0,'',NULL),(597,11,11489,1953,0,3,0,0,0,'',NULL),(598,11,11496,2500,0,3,0,0,0,'',NULL),(599,11,11499,2170,0,3,0,0,0,'',NULL),(600,11,11510,1300,1,4,0,0,0,'',NULL),(601,11,11520,2220,0,3,0,0,0,'',NULL),(602,11,11543,1600,1,4,0,0,0,'',NULL),(603,11,11547,2000,1,4,0,0,0,'',NULL),(604,11,11560,5000,1,4,0,0,0,'',NULL),(605,11,11569,950,0,3,0,0,0,'',NULL),(606,11,11578,512,0,2,0,0,0,'',NULL),(607,11,11582,2850,1,5,0,0,0,'',NULL),(608,11,11599,255,0,3,0,0,0,'',NULL),(609,11,11610,6200,0,5,0,0,0,'',NULL),(610,11,11663,2220,1,3,0,0,0,'',NULL),(611,11,11674,1813,0,4,0,0,0,'',NULL),(612,11,11678,2850,1,5,0,0,0,'',NULL),(613,11,11681,3220,0,4,0,0,0,'',NULL),(614,11,11681,1481,1,3,0,0,0,'',NULL),(615,11,11688,2220,1,4,0,0,0,'',NULL),(616,11,11693,1660,1,4,0,0,0,'',NULL),(617,11,12537,2222,1,3,0,0,0,'',NULL),(618,12,11644,5500,0,3,0,0,0,'',NULL),(619,12,11675,874,1,3,0,0,0,'',NULL),(620,12,11676,1410,1,0,0,0,0,'',NULL),(621,12,11678,2050,1,3,0,0,0,'',NULL),(622,12,11680,1024,1,2,0,0,0,'',NULL),(623,12,11720,28200,0,4,0,0,0,'',NULL),(624,12,11739,29900,1,2,0,0,0,'',NULL),(625,12,11758,30000,0,0,0,0,0,'',NULL),(626,12,11778,27500,1,2,0,0,0,'',NULL),(627,12,11856,29900,1,2,0,0,0,'',NULL),(628,12,11876,29900,0,3,0,0,0,'',NULL),(629,12,11914,30000,0,3,0,0,0,'',NULL),(630,12,11934,27500,1,3,0,0,0,'',NULL),(631,12,11973,29900,1,2,0,0,0,'',NULL),(632,12,12032,27500,0,0,0,0,0,'',NULL),(633,12,12070,27500,0,3,0,0,0,'',NULL),(634,12,12090,29900,1,2,0,0,0,'',NULL),(635,12,12110,27500,0,3,0,0,0,'',NULL),(636,12,12129,29900,1,2,0,0,0,'',NULL),(637,12,12148,27500,0,4,0,0,0,'',NULL),(638,12,12168,27500,1,3,0,0,0,'',NULL),(639,12,12188,29900,0,2,0,0,0,'',NULL),(640,12,12304,27500,0,4,0,0,0,'',NULL),(641,12,12344,29900,0,2,0,0,0,'',NULL),(642,12,12363,29500,1,3,0,0,0,'',NULL),(643,12,12382,30000,0,0,0,0,0,'',NULL),(644,12,12517,16872,1,3,0,0,0,'',NULL),(645,13,10714,22000,0,4,0,0,0,'',NULL),(646,13,10729,22000,1,4,0,0,0,'',NULL),(647,13,10758,22000,1,4,0,0,0,'',NULL),(648,13,10773,22000,0,4,0,0,0,'',NULL),(649,13,10788,22000,1,4,0,0,0,'',NULL),(650,13,10803,22000,0,4,0,0,0,'',NULL),(651,13,10818,22000,1,4,0,0,0,'',NULL),(652,13,10847,23000,1,3,0,0,0,'',NULL),(653,13,10891,22000,0,4,0,0,0,'',NULL),(654,13,10906,22000,1,4,0,0,0,'',NULL),(655,13,10964,22000,0,4,0,0,0,'',NULL),(656,13,10994,22000,0,4,0,0,0,'',NULL),(657,13,11023,23000,0,3,0,0,0,'',NULL),(658,13,11038,22000,1,4,0,0,0,'',NULL),(659,13,11053,23000,0,3,0,0,0,'',NULL),(660,13,11068,23000,1,3,0,0,0,'',NULL),(661,13,11082,22000,0,4,0,0,0,'',NULL),(662,13,11095,30000,1,4,0,0,0,'',NULL),(663,13,11097,23000,1,3,0,0,0,'',NULL),(664,13,11112,22000,0,4,0,0,0,'',NULL),(665,13,11126,22000,1,4,0,0,0,'',NULL),(666,13,11141,22000,0,4,0,0,0,'',NULL),(667,13,11171,22000,0,4,0,0,0,'',NULL),(668,13,11224,27500,0,2,0,0,0,'',NULL),(669,13,11224,23000,1,2,0,0,0,'',NULL),(670,13,11264,27500,1,2,0,0,0,'',NULL),(671,13,11306,27500,0,4,0,0,0,'',NULL),(672,13,11306,27500,1,4,0,0,0,'',NULL),(673,13,11344,27500,0,4,0,0,0,'',NULL),(674,13,11344,27500,1,4,0,0,0,'',NULL),(675,13,11386,29500,0,0,0,0,0,'',NULL),(676,13,11386,29500,1,3,0,0,0,'',NULL),(677,13,11426,27500,0,2,0,0,0,'',NULL),(678,13,11426,27500,1,4,0,0,0,'',NULL),(679,13,11464,22000,0,4,0,0,0,'',NULL),(680,13,11479,22000,1,4,0,0,0,'',NULL),(681,13,11494,22000,0,4,0,0,0,'',NULL),(682,13,11509,23000,1,2,0,0,0,'',NULL),(683,13,11523,22000,0,4,0,0,0,'',NULL),(684,13,11538,22000,1,4,0,0,0,'',NULL),(685,13,11553,22000,0,4,0,0,0,'',NULL),(686,13,11568,22000,1,4,0,0,0,'',NULL),(687,13,11582,22000,0,4,0,0,0,'',NULL),(688,13,11595,30000,1,4,0,0,0,'',NULL),(689,13,11597,22000,1,4,0,0,0,'',NULL),(690,13,11612,23000,0,2,0,0,0,'',NULL),(691,13,11627,22000,1,4,0,0,0,'',NULL),(692,13,11635,30000,1,4,0,0,0,'',NULL),(693,13,11656,22000,1,4,0,0,0,'',NULL),(694,13,11671,22000,0,4,0,0,0,'',NULL),(695,13,11675,30000,0,4,0,0,0,'',NULL),(696,13,11686,23000,1,2,0,0,0,'',NULL),(697,13,11739,29500,1,0,0,0,0,'',NULL),(698,13,11758,29500,0,0,0,0,0,'',NULL),(699,13,11836,27500,0,4,0,0,0,'',NULL),(700,13,11856,29500,1,0,0,0,0,'',NULL),(701,13,11895,27500,1,2,0,0,0,'',NULL),(702,13,11914,27500,0,4,0,0,0,'',NULL),(703,13,11934,27500,1,4,0,0,0,'',NULL),(704,13,11954,27500,0,2,0,0,0,'',NULL),(705,13,12012,29500,1,0,0,0,0,'',NULL),(706,13,12070,27500,0,4,0,0,0,'',NULL),(707,13,12090,29500,1,0,0,0,0,'',NULL),(708,13,12110,27500,0,4,0,0,0,'',NULL),(709,13,12129,27500,1,2,0,0,0,'',NULL),(710,13,12148,27500,0,4,0,0,0,'',NULL),(711,13,12168,29500,1,0,0,0,0,'',NULL),(712,13,12188,29500,0,0,0,0,0,'',NULL),(713,13,12207,27500,1,4,0,0,0,'',NULL),(714,13,12226,29500,0,0,0,0,0,'',NULL),(715,13,12246,29500,1,0,0,0,0,'',NULL),(716,13,12266,29500,0,0,0,0,0,'',NULL),(717,13,12304,27500,0,4,0,0,0,'',NULL),(718,13,12324,29500,1,0,0,0,0,'',NULL),(719,13,12363,29500,1,0,0,0,0,'',NULL),(720,13,12382,27500,0,4,0,0,0,'',NULL),(721,13,12441,29500,1,0,0,0,0,'',NULL),(722,13,12460,29500,0,0,0,0,0,'',NULL),(723,13,12525,30000,1,4,0,0,0,'',NULL),(724,13,12565,30000,0,2,0,0,0,'',NULL),(725,13,12605,30000,1,0,0,0,0,'',NULL),(726,14,10757,2600,0,3,0,0,0,'',NULL),(727,14,10796,8000,0,4,0,0,0,'',NULL),(728,14,10805,3885,0,4,0,0,0,'',NULL),(729,14,10827,5800,0,3,0,0,0,'',NULL),(730,14,10924,17000,0,3,0,0,0,'',NULL),(731,14,12512,8000,0,3,0,0,0,'',NULL),(732,14,12521,2100,1,4,0,0,0,'',NULL),(733,14,12525,2650,1,4,0,0,0,'',NULL),(734,14,12529,2000,1,3,0,0,0,'',NULL),(735,14,12566,2960,0,2,0,0,0,'',NULL),(736,14,12613,1660,1,4,0,0,0,'',NULL),(737,14,12618,2230,0,3,0,0,0,'',NULL),(738,14,12624,2220,1,4,0,0,0,'',NULL),(739,14,12713,3750,1,3,0,0,0,'',NULL),(740,14,12719,3000,1,3,0,0,0,'',NULL),(741,14,12722,2220,1,3,0,0,0,'',NULL),(742,16,11758,27500,0,3,0,0,0,'',NULL),(743,16,11817,27500,1,3,0,0,0,'',NULL),(744,16,11954,27500,0,4,0,0,0,'',NULL),(745,16,11973,27500,1,4,0,0,0,'',NULL),(746,16,12012,30000,1,3,0,0,0,'',NULL),(747,16,12070,30000,0,3,0,0,0,'',NULL),(748,16,12090,30000,1,3,0,0,0,'',NULL),(749,16,12168,30000,1,3,0,0,0,'',NULL),(750,16,12207,27500,1,4,0,0,0,'',NULL),(751,16,12246,30000,1,3,0,0,0,'',NULL),(752,16,12266,27500,0,4,0,0,0,'',NULL),(753,16,12324,30000,1,3,0,0,0,'',NULL),(754,16,12402,30000,1,3,0,0,0,'',NULL),(755,16,12480,30000,1,3,0,0,0,'',NULL),(756,17,10758,27500,1,4,0,0,0,'',NULL),(757,17,10975,30000,0,0,0,0,0,'',NULL),(758,17,11350,15710,1,1,0,0,0,'',NULL),(759,17,12598,10057,1,0,0,0,0,'',NULL),(760,17,12657,2597,0,3,0,0,0,'',NULL),(761,17,12722,16730,1,3,0,0,0,'',NULL),(762,18,11212,14400,0,6,0,0,0,'',NULL),(763,18,11221,30000,1,4,0,0,0,'',NULL),(764,18,11230,15000,0,6,0,0,0,'',NULL),(765,18,11254,15000,0,2,0,0,0,'',NULL),(766,18,11263,30000,1,4,0,0,0,'',NULL),(767,18,11304,30000,1,4,0,0,0,'',NULL),(768,18,11346,30000,1,4,0,0,0,'',NULL),(769,18,11387,30000,1,4,0,0,0,'',NULL),(770,18,11429,30000,1,4,0,0,0,'',NULL),(771,18,11474,30000,1,4,0,0,0,'',NULL),(772,18,11491,2200,1,3,0,0,0,'',NULL),(773,18,11510,30000,1,4,0,0,0,'',NULL),(774,18,11557,30000,1,4,0,0,0,'',NULL),(775,18,11586,2170,0,4,0,0,0,'',NULL),(776,18,11592,5426,1,4,0,0,0,'',NULL),(777,18,11593,1750,0,4,0,0,0,'',NULL),(778,18,11593,30000,1,4,0,0,0,'',NULL),(779,18,11595,1600,0,4,0,0,0,'',NULL),(780,18,11667,1110,0,3,0,0,0,'',NULL),(781,18,11670,2222,0,3,0,0,0,'',NULL),(782,18,11681,1481,0,3,0,0,0,'',NULL),(783,18,11727,27500,1,2,0,0,0,'',NULL),(784,18,11727,27500,0,3,0,0,0,'',NULL),(785,18,11747,27500,1,3,0,0,0,'',NULL),(786,18,11747,27500,0,3,0,0,0,'',NULL),(787,18,11766,27500,1,3,0,0,0,'',NULL),(788,18,11766,27500,0,3,0,0,0,'',NULL),(789,18,11785,27500,0,3,0,0,0,'',NULL),(790,18,11785,27500,1,3,0,0,0,'',NULL),(791,18,11804,27500,1,3,0,0,0,'',NULL),(792,18,11804,27500,0,3,0,0,0,'',NULL),(793,18,11823,27500,0,3,0,0,0,'',NULL),(794,18,11823,27500,1,3,0,0,0,'',NULL),(795,18,11843,27500,1,3,0,0,0,'',NULL),(796,18,11843,27500,0,3,0,0,0,'',NULL),(797,18,11862,27500,0,3,0,0,0,'',NULL),(798,18,11862,27500,1,3,0,0,0,'',NULL),(799,18,11881,27500,1,3,0,0,0,'',NULL),(800,18,11881,27500,0,3,0,0,0,'',NULL),(801,18,11900,27500,0,3,0,0,0,'',NULL),(802,18,11900,27500,1,3,0,0,0,'',NULL),(803,18,11919,27500,1,3,0,0,0,'',NULL),(804,18,11919,27500,0,3,0,0,0,'',NULL),(805,18,11938,27500,0,3,0,0,0,'',NULL),(806,18,11938,27500,1,3,0,0,0,'',NULL),(807,18,11958,27500,1,3,0,0,0,'',NULL),(808,18,11958,27500,0,3,0,0,0,'',NULL),(809,18,11977,27500,0,3,0,0,0,'',NULL),(810,18,11977,27500,1,3,0,0,0,'',NULL),(811,18,11996,27500,1,3,0,0,0,'',NULL),(812,18,11996,27500,0,3,0,0,0,'',NULL),(813,18,12015,27500,0,3,0,0,0,'',NULL),(814,18,12015,27500,1,3,0,0,0,'',NULL),(815,18,12034,27500,1,3,0,0,0,'',NULL),(816,18,12034,27500,0,3,0,0,0,'',NULL),(817,18,12054,27500,0,3,0,0,0,'',NULL),(818,18,12054,27500,1,0,0,0,0,'',NULL),(819,18,12073,27500,0,3,0,0,0,'',NULL),(820,18,12073,27500,1,3,0,0,0,'',NULL),(821,18,12092,27500,0,2,0,0,0,'',NULL),(822,18,12092,27500,1,3,0,0,0,'',NULL),(823,18,12111,27500,0,3,0,0,0,'',NULL),(824,18,12130,27500,0,2,0,0,0,'',NULL),(825,18,12130,27500,1,3,0,0,0,'',NULL),(826,18,12149,27500,0,3,0,0,0,'',NULL),(827,18,12169,27500,0,2,0,0,0,'',NULL),(828,18,12174,4340,0,3,0,0,0,'',NULL),(829,18,12190,22500,0,0,0,0,0,'',NULL),(830,18,12207,27500,0,3,0,0,0,'',NULL),(831,18,12207,27500,1,3,0,0,0,'',NULL),(832,18,12226,27500,0,3,0,0,0,'',NULL),(833,18,12245,27500,1,3,0,0,0,'',NULL),(834,18,12245,27500,0,3,0,0,0,'',NULL),(835,18,12265,27500,0,3,0,0,0,'',NULL),(836,18,12284,27500,0,2,0,0,0,'',NULL),(837,18,12284,27500,1,3,0,0,0,'',NULL),(838,18,12303,27500,1,3,0,0,0,'',NULL),(839,18,12303,27500,0,3,0,0,0,'',NULL),(840,18,12322,27500,1,3,0,0,0,'',NULL),(841,18,12341,27500,0,3,0,0,0,'',NULL),(842,18,12360,26480,0,2,0,0,0,'',NULL),(843,18,12360,27500,1,3,0,0,0,'',NULL),(844,18,12380,27500,0,3,0,0,0,'',NULL),(845,18,12399,27500,1,3,0,0,0,'',NULL),(846,18,12418,27500,0,3,0,0,0,'',NULL),(847,18,12437,27500,1,3,0,0,0,'',NULL),(848,18,12440,27500,0,2,0,0,0,'',NULL),(849,18,12456,27500,0,3,0,0,0,'',NULL),(850,18,12476,27500,0,2,0,0,0,'',NULL),(851,18,12476,27500,1,3,0,0,0,'',NULL),(852,18,12507,1667,0,4,0,0,0,'',NULL),(853,18,12520,1428,1,4,0,0,0,'',NULL),(854,18,12540,2220,1,3,0,0,0,'',NULL),(855,18,12572,2000,1,3,0,0,0,'',NULL),(856,18,12697,1800,1,5,0,0,0,'',NULL),(857,18,12712,2500,1,4,0,0,0,'',NULL),(858,18,12715,1800,1,4,0,0,0,'',NULL),(859,19,3728,29720,1,6,0,0,0,'',NULL),(860,19,3755,7500,1,3,0,0,0,'',NULL),(861,19,3762,4340,1,4,0,0,0,'',NULL),(862,19,3770,7700,1,3,0,0,0,'',NULL),(863,19,3776,1004,1,3,0,0,0,'',NULL),(864,19,3778,2893,1,3,0,0,0,'',NULL),(865,19,3782,2200,1,6,0,0,0,'',NULL),(866,19,3785,2950,1,6,0,0,0,'',NULL),(867,19,3786,29500,0,6,0,0,0,'',NULL),(868,19,3793,4444,1,3,0,0,0,'',NULL),(869,19,3800,7200,1,3,0,0,0,'',NULL),(870,19,3818,6200,1,6,0,0,0,'',NULL),(871,19,3824,2800,1,3,0,0,0,'',NULL),(872,19,3832,2600,1,6,0,0,0,'',NULL),(873,19,3844,14400,1,6,0,0,0,'',NULL),(874,19,3847,1081,0,3,0,0,0,'',NULL),(875,19,3856,2894,1,3,0,0,0,'',NULL),(876,19,3952,2950,1,3,0,0,0,'',NULL),(877,19,3959,7234,1,3,0,0,0,'',NULL),(878,19,3966,2800,1,3,0,0,0,'',NULL),(879,19,3972,6504,1,3,0,0,0,'',NULL),(880,19,3979,3255,1,3,0,0,0,'',NULL),(881,19,3992,2170,1,3,0,0,0,'',NULL),(882,19,4004,15555,1,3,0,0,0,'',NULL),(883,19,4005,3462,0,3,0,0,0,'',NULL),(884,19,4017,3555,1,6,0,0,0,'',NULL),(885,19,4023,5700,1,6,0,0,0,'',NULL),(886,19,4029,3600,0,3,0,0,0,'',NULL),(887,19,4032,3100,1,4,0,0,0,'',NULL),(888,19,4033,2400,0,3,0,0,0,'',NULL),(889,19,4037,4800,1,6,0,0,0,'',NULL),(890,19,4038,6151,0,3,0,0,0,'',NULL),(891,19,4042,2800,1,4,0,0,0,'',NULL),(892,19,4047,3255,1,3,0,0,0,'',NULL),(893,19,4054,7000,1,3,0,0,0,'',NULL),(894,19,4064,2170,1,3,0,0,0,'',NULL),(895,19,4074,6150,1,3,0,0,0,'',NULL),(896,19,4081,3255,1,3,0,0,0,'',NULL),(897,19,4085,2960,1,3,0,0,0,'',NULL),(898,19,4089,2963,1,4,0,0,0,'',NULL),(899,19,4093,2527,1,3,0,0,0,'',NULL),(900,19,4101,2800,1,3,0,0,0,'',NULL),(901,19,4102,4340,0,3,0,0,0,'',NULL),(902,19,4104,1481,1,3,0,0,0,'',NULL),(903,19,4107,1003,1,3,0,0,0,'',NULL),(904,19,4114,5700,1,3,0,0,0,'',NULL),(905,19,4120,2140,1,4,0,0,0,'',NULL),(906,19,4125,5000,1,3,0,0,0,'',NULL),(907,19,4130,2500,1,4,0,0,0,'',NULL),(908,19,4132,2000,1,4,0,0,0,'',NULL),(909,19,4137,3000,1,3,0,0,0,'',NULL),(910,19,4141,2800,1,3,0,0,0,'',NULL),(911,19,4144,2170,1,3,0,0,0,'',NULL),(912,19,4165,22400,1,6,0,0,0,'',NULL),(913,19,4180,2170,1,3,0,0,0,'',NULL),(914,19,4184,2800,1,3,0,0,0,'',NULL),(915,20,10971,30000,1,5,0,0,0,'',NULL),(916,20,11012,30000,1,3,0,0,0,'',NULL),(917,20,11053,30000,1,3,0,0,0,'',NULL),(918,20,11474,4444,0,3,0,0,0,'',NULL),(919,20,11478,1197,0,3,0,0,0,'',NULL),(920,20,11516,1500,0,3,0,0,0,'',NULL),(921,20,11556,2500,0,5,0,0,0,'',NULL),(922,20,12175,30000,1,5,0,0,0,'',NULL),(923,20,12194,30000,0,5,0,0,0,'',NULL),(924,20,12214,30000,1,5,0,0,0,'',NULL),(925,20,12224,13381,0,3,0,0,0,'',NULL),(926,20,12271,30000,0,5,0,0,0,'',NULL),(927,20,12290,30000,1,5,0,0,0,'',NULL),(928,20,12329,30000,1,3,0,0,0,'',NULL),(929,20,12368,30000,1,3,0,0,0,'',NULL),(930,20,12406,30000,1,5,0,0,0,'',NULL),(931,20,12441,23670,1,2,0,0,0,'',NULL),(932,20,12457,4444,1,3,0,0,0,'',NULL),(933,20,12464,30000,0,2,0,0,0,'',NULL),(934,20,12483,30000,1,5,0,0,0,'',NULL),(935,20,12524,30000,1,5,0,0,0,'',NULL),(936,20,12565,30000,1,5,0,0,0,'',NULL),(937,20,12593,10410,1,2,0,0,0,'',NULL),(938,20,12647,30000,1,5,0,0,0,'',NULL),(939,20,12688,30000,1,5,0,0,0,'',NULL),(940,21,10964,14170,1,4,0,0,0,'',NULL),(941,21,10980,12500,1,3,0,0,0,'',NULL),(942,21,10981,1666,0,2,0,0,0,'',NULL),(943,21,11012,30000,1,4,0,0,0,'',NULL),(944,21,11021,2220,0,3,0,0,0,'',NULL),(945,21,11045,4800,0,3,0,0,0,'',NULL),(946,21,11053,8000,0,3,0,0,0,'',NULL),(947,21,11054,30000,1,3,0,0,0,'',NULL),(948,21,11062,4820,0,3,0,0,0,'',NULL),(949,21,11096,30000,1,4,0,0,0,'',NULL),(950,21,11096,30000,0,4,0,0,0,'',NULL),(951,21,11176,34290,1,2,0,0,0,'',NULL),(952,21,11180,30000,0,3,0,0,0,'',NULL),(953,21,11509,30000,0,2,0,0,0,'',NULL),(954,21,11558,30000,1,2,0,0,0,'',NULL),(955,21,11573,1800,0,4,0,0,0,'',NULL),(956,21,11594,25000,1,2,0,0,0,'',NULL),(957,21,11650,13600,1,2,0,0,0,'',NULL),(958,21,11676,24444,1,3,0,0,0,'',NULL),(959,21,11775,27500,1,3,0,0,0,'',NULL),(960,21,11794,27500,0,3,0,0,0,'',NULL),(961,21,11824,8000,1,3,0,0,0,'',NULL),(962,21,11833,6250,1,4,0,0,0,'',NULL),(963,21,11853,25000,0,3,0,0,0,'',NULL),(964,21,11855,30000,1,3,0,0,0,'',NULL),(965,21,11880,20000,0,3,0,0,0,'',NULL),(966,21,11883,4800,1,4,0,0,0,'',NULL),(967,21,11916,30000,1,3,0,0,0,'',NULL),(968,21,11958,27500,1,4,0,0,0,'',NULL),(969,21,11977,27500,0,4,0,0,0,'',NULL),(970,21,11999,11666,1,3,0,0,0,'',NULL),(971,21,12009,4444,1,2,0,0,0,'',NULL),(972,21,12015,27500,0,4,0,0,0,'',NULL),(973,21,12034,27500,1,4,0,0,0,'',NULL),(974,21,12054,27500,0,4,0,0,0,'',NULL),(975,21,12073,27500,1,4,0,0,0,'',NULL),(976,21,12079,6400,0,4,0,0,0,'',NULL),(977,21,12089,4400,0,4,0,0,0,'',NULL),(978,21,12095,4800,0,4,0,0,0,'',NULL),(979,21,12103,8333,0,2,0,0,0,'',NULL),(980,21,12188,27500,1,4,0,0,0,'',NULL),(981,21,12196,8888,0,2,0,0,0,'',NULL),(982,21,12209,10000,0,3,0,0,0,'',NULL),(983,21,12213,5833,1,2,0,0,0,'',NULL),(984,21,12219,6500,0,3,0,0,0,'',NULL),(985,21,12220,4800,1,4,0,0,0,'',NULL),(986,21,12228,8400,1,4,0,0,0,'',NULL),(987,21,12236,4000,1,4,0,0,0,'',NULL),(988,21,12245,27500,0,4,0,0,0,'',NULL),(989,21,12265,27500,1,4,0,0,0,'',NULL),(990,21,12294,12000,1,4,0,0,0,'',NULL),(991,21,12310,15000,1,3,0,0,0,'',NULL),(992,21,12329,6666,0,2,0,0,0,'',NULL),(993,21,12336,5520,0,3,0,0,0,'',NULL),(994,21,12344,30000,1,3,0,0,0,'',NULL),(995,21,12346,9600,0,3,0,0,0,'',NULL),(996,21,12356,7100,0,2,0,0,0,'',NULL),(997,21,12379,30000,0,3,0,0,0,'',NULL),(998,21,12380,27500,1,3,0,0,0,'',NULL),(999,21,12422,27500,1,3,0,0,0,'',NULL),(1000,21,12422,30000,0,3,0,0,0,'',NULL),(1001,21,12446,2400,0,3,0,0,0,'',NULL),(1002,21,12458,30000,1,3,0,0,0,'',NULL),(1003,21,12461,20800,0,3,0,0,0,'',NULL),(1004,21,12514,11670,0,2,0,0,0,'',NULL),(1005,21,12524,22500,1,2,0,0,0,'',NULL),(1006,21,12531,15000,0,3,0,0,0,'',NULL),(1007,21,12559,27500,1,2,0,0,0,'',NULL),(1008,21,12588,22500,1,3,0,0,0,'',NULL),(1009,21,12605,27500,1,2,0,0,0,'',NULL),(1010,21,12610,20830,0,3,0,0,0,'',NULL),(1011,21,12641,30000,0,2,0,0,0,'',NULL),(1012,21,12685,30000,1,2,0,0,0,'',NULL),(1013,21,12685,30000,0,3,0,0,0,'',NULL),(1014,21,12729,30000,1,2,0,0,0,'',NULL),(1015,21,12729,27500,0,2,0,0,0,'',NULL),(1016,22,11155,45000,1,2,0,0,0,'',NULL),(1017,22,11477,30000,1,2,0,0,0,'',NULL),(1018,22,11495,45000,1,2,0,0,0,'',NULL),(1019,22,11513,30000,1,2,0,0,0,'',NULL),(1020,22,11555,27689,1,3,0,0,0,'',NULL),(1021,22,11555,30000,1,3,0,0,0,'',NULL),(1022,22,11591,27689,1,4,0,0,0,'',NULL),(1023,22,11595,30000,1,3,0,0,0,'',NULL),(1024,22,11635,27689,1,3,0,0,0,'',NULL),(1025,22,11635,30000,1,3,0,0,0,'',NULL),(1026,22,11675,27689,1,3,0,0,0,'',NULL),(1027,22,11675,30000,1,3,0,0,0,'',NULL),(1028,22,12518,14236,0,3,0,0,0,'',NULL),(1029,23,11004,2500,0,4,0,0,0,'',NULL),(1030,23,11015,13000,0,3,0,0,0,'',NULL),(1031,23,11024,12700,1,4,0,0,0,'',NULL),(1032,23,11027,7500,0,3,0,0,0,'',NULL),(1033,23,11053,15000,1,2,0,0,0,'',NULL),(1034,23,11095,30000,0,4,0,0,0,'',NULL),(1035,23,11134,27500,0,4,0,0,0,'',NULL),(1036,23,11175,27500,0,4,0,0,0,'',NULL),(1037,24,0,300,0,2,0,0,0,'',NULL),(1038,24,3715,1000,0,6,0,0,0,'',NULL),(1039,24,3753,1437,1,3,0,0,0,'',NULL),(1040,24,3775,1250,0,3,0,0,0,'',NULL),(1041,24,3810,1777,1,3,0,0,0,'',NULL),(1042,24,3833,1077,1,2,0,0,0,'',NULL),(1043,24,3927,2080,1,3,0,0,0,'',NULL),(1044,24,4021,1180,1,3,0,0,0,'',NULL),(1045,24,4024,1190,1,3,0,0,0,'',NULL),(1046,24,4026,1200,1,3,0,0,0,'',NULL),(1047,24,4028,1166,1,3,0,0,0,'',NULL),(1048,24,4050,30000,1,4,0,0,0,'',NULL),(1049,24,4073,1200,0,3,0,0,0,'',NULL),(1050,24,4074,1010,1,4,0,0,0,'',NULL),(1051,24,4079,1000,0,2,0,0,0,'',NULL),(1052,24,4080,1025,1,4,0,0,0,'',NULL),(1053,24,4092,1000,1,0,0,0,0,'',NULL),(1054,24,4105,1320,0,4,0,0,0,'',NULL),(1055,24,4114,2475,1,4,0,0,0,'',NULL),(1056,24,4120,2270,1,4,0,0,0,'',NULL),(1057,24,4122,2381,1,3,0,0,0,'',NULL),(1058,24,4125,1166,1,4,0,0,0,'',NULL),(1059,24,4147,1150,1,4,0,0,0,'',NULL),(1060,25,3520,8000,0,4,0,0,0,'',NULL),(1061,25,3589,3235,0,3,0,0,0,'',NULL),(1062,25,3635,3230,0,3,0,0,0,'',NULL),(1063,25,3640,3215,0,3,0,0,0,'',NULL),(1064,25,3644,3230,0,3,0,0,0,'',NULL),(1065,25,3660,3333,0,3,0,0,0,'',NULL),(1066,25,3714,8888,0,3,0,0,0,'',NULL),(1067,25,3735,3219,1,3,0,0,0,'',NULL),(1068,25,3743,34075,0,3,0,0,0,'',NULL),(1069,25,3752,3230,1,3,0,0,0,'',NULL),(1070,25,3832,1500,1,3,0,0,0,'',NULL),(1071,25,3908,1356,0,1,0,0,0,'',NULL),(1072,25,3936,3230,0,3,0,0,0,'',NULL),(1073,25,3941,4000,0,3,0,0,0,'',NULL),(1074,25,3950,1500,0,3,0,0,0,'',NULL),(1075,25,3961,8570,0,3,0,0,0,'',NULL),(1076,25,3970,4275,0,3,0,0,0,'',NULL),(1077,25,3976,4285,0,3,0,0,0,'',NULL),(1078,26,11747,27500,0,4,0,0,0,'',NULL),(1079,26,11766,27500,1,4,0,0,0,'',NULL),(1080,26,11785,27500,0,3,0,0,0,'',NULL),(1081,26,11881,27500,1,4,0,0,0,'',NULL),(1082,26,11900,27500,0,5,0,0,0,'',NULL),(1083,26,11938,27500,0,4,0,0,0,'',NULL),(1084,26,11958,27500,1,5,0,0,0,'',NULL),(1085,26,11977,27500,0,0,0,0,0,'',NULL),(1086,26,11996,27500,1,4,0,0,0,'',NULL),(1087,26,12015,27500,0,3,0,0,0,'',NULL),(1088,26,12034,27500,1,2,0,0,0,'',NULL),(1089,26,12054,27500,0,4,0,0,0,'',NULL),(1090,26,12092,27500,0,4,0,0,0,'',NULL),(1091,26,12130,27500,0,4,0,0,0,'',NULL),(1092,26,12149,27500,1,3,0,0,0,'',NULL),(1093,26,12169,27500,0,4,0,0,0,'',NULL),(1094,27,10974,4850,0,3,0,0,0,'',NULL),(1095,27,11021,5000,0,0,0,0,0,'',NULL),(1096,27,11044,44950,1,3,0,0,0,'',NULL),(1097,27,11161,2122,1,2,0,0,0,'',NULL),(1098,27,11532,2205,0,4,0,0,0,'',NULL),(1099,27,11544,1666,0,3,0,0,0,'',NULL),(1100,27,12508,1100,1,4,0,0,0,'',NULL),(1101,27,12594,27500,1,2,0,0,0,'',NULL),(1102,27,12608,2830,0,3,0,0,0,'',NULL),(1103,27,12617,8122,0,3,0,0,0,'',NULL),(1104,27,12631,3000,1,3,0,0,0,'',NULL),(1105,27,12657,44100,0,0,0,0,0,'',NULL),(1106,27,12657,7500,1,4,0,0,0,'',NULL),(1107,27,12671,2277,1,4,0,0,0,'',NULL),(1108,27,12683,1100,1,4,0,0,0,'',NULL),(1109,28,11881,27500,0,3,0,0,0,'',NULL),(1110,28,11919,27500,0,3,0,0,0,'',NULL),(1111,28,11958,27500,0,3,0,0,0,'',NULL),(1112,28,11996,27500,0,3,0,0,0,'',NULL),(1113,28,12034,27500,0,3,0,0,0,'',NULL),(1114,28,12054,27500,1,4,0,0,0,'',NULL),(1115,28,12073,27500,0,3,0,0,0,'',NULL),(1116,28,12092,27500,1,4,0,0,0,'',NULL),(1117,28,12111,27500,0,3,0,0,0,'',NULL),(1118,28,12130,27500,1,3,0,0,0,'',NULL),(1119,28,12149,27500,0,3,0,0,0,'',NULL),(1120,28,12169,27500,1,4,0,0,0,'',NULL),(1121,28,12188,27500,0,3,0,0,0,'',NULL),(1122,28,12207,27500,1,3,0,0,0,'',NULL),(1123,28,12226,27500,0,3,0,0,0,'',NULL),(1124,28,12245,27500,1,4,0,0,0,'',NULL),(1125,28,12265,27500,0,3,0,0,0,'',NULL),(1126,28,12284,27500,1,3,0,0,0,'',NULL),(1127,28,12303,27500,0,3,0,0,0,'',NULL),(1128,28,12322,27500,1,4,0,0,0,'',NULL),(1129,28,12341,27500,0,3,0,0,0,'',NULL),(1130,28,12399,27500,1,4,0,0,0,'',NULL),(1131,28,12437,27500,1,4,0,0,0,'',NULL),(1132,28,12476,27500,1,4,0,0,0,'',NULL),(1133,29,11042,1210,1,3,0,0,0,'',NULL),(1134,29,11044,1775,1,3,0,0,0,'',NULL),(1135,29,11105,45000,0,2,0,0,0,'',NULL),(1136,29,11566,10750,0,3,0,0,0,'',NULL),(1137,29,11588,16532,0,3,0,0,0,'',NULL),(1138,29,11613,4800,0,0,0,0,0,'',NULL),(1139,30,3632,2625,1,2,0,0,0,'',NULL),(1140,30,3641,2324,0,2,0,0,0,'',NULL),(1141,30,3645,2590,0,2,0,0,0,'',NULL),(1142,30,3648,3255,0,1,0,0,0,'',NULL),(1143,30,3654,4550,0,0,0,0,0,'',NULL),(1144,30,3665,3690,0,3,0,0,0,'',NULL),(1145,30,3679,3879,0,2,0,0,0,'',NULL),(1146,30,3800,20000,1,6,0,0,0,'',NULL),(1147,30,3900,6666,1,2,0,0,0,'',NULL),(1148,30,3973,18392,0,2,0,0,0,'',NULL),(1149,30,4055,26000,1,3,0,0,0,'',NULL),(1150,30,4060,7043,0,3,0,0,0,'',NULL),(1151,30,4095,30000,1,2,0,0,0,'',NULL),(1152,31,10989,1600,1,3,0,0,0,'',NULL),(1153,31,10991,1580,1,6,0,0,0,'',NULL),(1154,31,10993,1560,1,6,0,0,0,'',NULL),(1155,31,10995,1540,1,6,0,0,0,'',NULL),(1156,31,10997,1520,1,6,0,0,0,'',NULL),(1157,31,10999,1500,1,6,0,0,0,'',NULL),(1158,31,11002,3500,1,3,0,0,0,'',NULL),(1159,31,11006,2300,1,3,0,0,0,'',NULL),(1160,31,11009,3500,1,3,0,0,0,'',NULL),(1161,31,11012,2300,1,3,0,0,0,'',NULL),(1162,31,11016,3500,1,3,0,0,0,'',NULL),(1163,31,11020,2300,1,3,0,0,0,'',NULL),(1164,31,11023,3500,1,3,0,0,0,'',NULL),(1165,31,11026,2300,1,3,0,0,0,'',NULL),(1166,31,11030,3500,1,3,0,0,0,'',NULL),(1167,31,11555,30000,1,3,0,0,0,'',NULL),(1168,31,11555,28900,0,3,0,0,0,'',NULL),(1169,31,11595,31003,0,5,0,0,0,'',NULL),(1170,32,3727,34286,1,0,0,0,0,'',NULL),(1171,32,3763,34286,1,0,0,0,0,'',NULL),(1172,32,3807,34286,1,0,0,0,0,'',NULL),(1173,32,3814,4213,0,6,0,0,0,'',NULL),(1174,32,3843,34286,1,0,0,0,0,'',NULL),(1175,32,3853,1445,0,0,0,0,0,'',NULL),(1176,32,3857,2465,0,0,0,0,0,'',NULL),(1177,32,3860,3100,0,3,0,0,0,'',NULL),(1178,32,3992,26000,0,4,0,0,0,'',NULL),(1179,32,4055,34286,1,0,0,0,0,'',NULL),(1180,33,3644,8545,1,2,0,0,0,'',NULL),(1181,33,3654,5632,1,3,0,0,0,'',NULL),(1182,33,3775,1438,1,2,0,0,0,'',NULL),(1183,33,3884,4900,0,1,0,0,0,'',NULL),(1184,33,3893,3072,0,1,0,0,0,'',NULL),(1185,33,3900,3800,0,1,0,0,0,'',NULL),(1186,33,4039,2034,0,2,0,0,0,'',NULL),(1187,33,4044,2848,0,0,0,0,0,'',NULL),(1188,33,4066,2848,0,2,0,0,0,'',NULL),(1189,33,4094,11000,0,1,0,0,0,'',NULL),(1190,34,10970,30000,1,4,0,0,0,'',NULL),(1191,34,10970,30000,0,4,0,0,0,'',NULL),(1192,34,11010,30000,1,4,0,0,0,'',NULL),(1193,34,11010,30000,0,4,0,0,0,'',NULL),(1194,34,11050,30000,1,2,0,0,0,'',NULL),(1195,34,11050,30000,0,4,0,0,0,'',NULL),(1196,34,11078,1000,0,3,0,0,0,'',NULL),(1197,34,11090,30000,1,4,0,0,0,'',NULL),(1198,34,11090,30000,0,4,0,0,0,'',NULL),(1199,34,11130,30000,1,4,0,0,0,'',NULL),(1200,34,11130,30000,0,4,0,0,0,'',NULL),(1201,34,11170,28750,1,4,0,0,0,'',NULL),(1202,34,11170,30000,0,4,0,0,0,'',NULL),(1203,34,11474,28750,1,1,0,0,0,'',NULL),(1204,34,11474,30000,0,4,0,0,0,'',NULL),(1205,34,11514,28750,1,1,0,0,0,'',NULL),(1206,34,11514,30000,0,2,0,0,0,'',NULL),(1207,34,11521,9922,1,0,0,0,0,'',NULL),(1208,34,11554,30000,1,2,0,0,0,'',NULL),(1209,34,11554,30000,0,2,0,0,0,'',NULL),(1210,34,11594,27500,1,4,0,0,0,'',NULL),(1211,34,11594,30000,0,4,0,0,0,'',NULL),(1212,34,11634,30000,1,4,0,0,0,'',NULL),(1213,34,11634,30000,0,4,0,0,0,'',NULL),(1214,34,11674,30000,1,2,0,0,0,'',NULL),(1215,34,11674,30000,0,4,0,0,0,'',NULL),(1216,34,12522,27500,1,3,0,0,0,'',NULL),(1217,34,12561,2866,1,1,0,0,0,'',NULL),(1218,34,12562,27500,0,3,0,0,0,'',NULL),(1219,34,12574,9700,1,1,0,0,0,'',NULL),(1220,34,12602,26657,1,2,0,0,0,'',NULL),(1221,34,12634,16170,1,4,0,0,0,'',NULL),(1222,34,12634,1358,0,1,0,0,0,'',NULL),(1223,34,12638,3700,0,1,0,0,0,'',NULL),(1224,34,12657,4883,1,3,0,0,0,'',NULL),(1225,34,12682,30000,1,2,0,0,0,'',NULL),(1226,34,12682,27500,0,3,0,0,0,'',NULL),(1227,34,12722,26657,1,1,0,0,0,'',NULL),(1228,34,12722,26657,0,2,0,0,0,'',NULL),(1229,35,3713,2800,1,2,0,0,0,'',NULL),(1230,35,3723,9600,1,3,0,0,0,'',NULL),(1231,35,3732,7200,1,3,0,0,0,'',NULL),(1232,35,3740,30000,0,3,0,0,0,'',NULL),(1233,35,3742,7000,1,3,0,0,0,'',NULL),(1234,35,3752,9300,1,3,0,0,0,'',NULL),(1235,35,3766,7200,1,3,0,0,0,'',NULL),(1236,35,3768,7500,0,3,0,0,0,'',NULL),(1237,35,3774,2944,1,3,0,0,0,'',NULL),(1238,35,3777,2940,1,3,0,0,0,'',NULL),(1239,35,3780,7500,0,4,0,0,0,'',NULL),(1240,35,3782,2965,1,3,0,0,0,'',NULL),(1241,35,3788,4400,1,2,0,0,0,'',NULL),(1242,35,3790,7200,0,3,0,0,0,'',NULL),(1243,35,3795,5580,1,2,0,0,0,'',NULL),(1244,35,3802,10800,0,3,0,0,0,'',NULL),(1245,35,3809,15000,1,4,0,0,0,'',NULL),(1246,35,3828,7200,1,3,0,0,0,'',NULL),(1247,35,3841,29910,0,2,0,0,0,'',NULL),(1248,35,3850,14400,1,4,0,0,0,'',NULL),(1249,35,3868,14400,1,3,0,0,0,'',NULL),(1250,35,3869,14454,0,3,0,0,0,'',NULL),(1251,35,3887,2960,1,3,0,0,0,'',NULL),(1252,35,3890,1954,1,4,0,0,0,'',NULL),(1253,35,3900,22222,0,4,0,0,0,'',NULL),(1254,35,3900,10370,1,3,0,0,0,'',NULL),(1255,35,3913,6510,1,3,0,0,0,'',NULL),(1256,35,3922,7000,1,4,0,0,0,'',NULL),(1257,35,3930,25000,0,2,0,0,0,'',NULL),(1258,35,3936,14400,1,3,0,0,0,'',NULL),(1259,35,3974,19500,0,3,0,0,0,'',NULL),(1260,35,3993,4000,0,2,0,0,0,'',NULL),(1261,35,3996,6666,1,3,0,0,0,'',NULL),(1262,35,4000,7250,0,3,0,0,0,'',NULL),(1263,35,4003,7200,1,3,0,0,0,'',NULL),(1264,35,4013,7200,0,3,0,0,0,'',NULL),(1265,35,4013,7200,1,3,0,0,0,'',NULL),(1266,35,4034,20500,0,4,0,0,0,'',NULL),(1267,35,4034,21600,1,4,0,0,0,'',NULL),(1268,35,4054,4400,1,3,0,0,0,'',NULL),(1269,35,4059,3529,1,3,0,0,0,'',NULL),(1270,35,4064,19850,0,5,0,0,0,'',NULL),(1271,35,4064,4400,1,3,0,0,0,'',NULL),(1272,35,4070,4340,1,3,0,0,0,'',NULL),(1273,35,4076,3906,1,4,0,0,0,'',NULL),(1274,35,4083,3550,1,3,0,0,0,'',NULL),(1275,35,4090,14368,0,3,0,0,0,'',NULL),(1276,35,4092,2963,1,3,0,0,0,'',NULL),(1277,35,4103,5720,0,3,0,0,0,'',NULL),(1278,35,4104,7200,1,3,0,0,0,'',NULL),(1279,35,4116,8800,1,3,0,0,0,'',NULL),(1280,35,4126,17500,0,2,0,0,0,'',NULL),(1281,35,4130,12800,1,3,0,0,0,'',NULL),(1282,35,4150,15000,0,5,0,0,0,'',NULL),(1283,35,4155,22500,1,4,0,0,0,'',NULL),(1284,35,4163,7500,0,4,0,0,0,'',NULL),(1285,35,4182,16296,0,3,0,0,0,'',NULL),(1286,35,4184,21600,1,0,0,0,0,'',NULL),(1287,35,4195,4000,0,1,0,0,0,'',NULL),(1288,36,11057,30000,1,0,0,0,0,'',NULL),(1289,36,11097,23627,0,0,0,0,0,'',NULL),(1290,36,11495,3034,0,0,0,0,0,'',NULL),(1291,36,11555,3034,0,1,0,0,0,'',NULL),(1292,36,11565,11401,0,0,0,0,0,'',NULL),(1293,36,11600,18333,0,0,0,0,0,'',NULL),(1294,36,12507,2250,1,3,0,0,0,'',NULL),(1295,36,12516,1600,1,4,0,0,0,'',NULL),(1296,36,12524,1600,1,4,0,0,0,'',NULL),(1297,36,12534,2222,1,4,0,0,0,'',NULL),(1298,36,12682,16046,1,1,0,0,0,'',NULL),(1299,39,10985,35007,0,3,0,0,0,'',NULL),(1300,39,11045,44922,0,4,0,0,0,'',NULL),(1301,39,11471,22500,1,3,0,0,0,'',NULL),(1302,39,11490,7500,1,3,0,0,0,'',NULL),(1303,39,11508,3100,1,5,0,0,0,'',NULL),(1304,39,11531,22000,1,4,0,0,0,'',NULL),(1305,39,11559,22000,1,4,0,0,0,'',NULL),(1306,39,11605,43200,1,5,0,0,0,'',NULL),(1307,39,11665,44922,1,4,0,0,0,'',NULL),(1308,39,11740,43000,1,4,0,0,0,'',NULL),(1309,39,11800,45000,1,2,0,0,0,'',NULL),(1310,39,11860,45000,1,2,0,0,0,'',NULL),(1311,39,11920,45000,1,2,0,0,0,'',NULL),(1312,39,11980,45000,1,2,0,0,0,'',NULL),(1313,39,12040,45000,1,2,0,0,0,'',NULL),(1314,39,12100,45000,1,2,0,0,0,'',NULL),(1315,39,12133,12684,0,6,0,0,0,'',NULL),(1316,39,12160,45000,1,2,0,0,0,'',NULL),(1317,39,12287,44000,1,3,0,0,0,'',NULL),(1318,39,12524,30000,0,1,0,0,0,'',NULL),(1319,39,12533,45000,0,2,0,0,0,'',NULL),(1320,39,12533,44950,1,0,0,0,0,'',NULL),(1321,39,12587,45000,0,2,0,0,0,'',NULL),(1322,39,12653,43000,1,4,0,0,0,'',NULL),(1323,40,3638,1600,0,6,0,0,0,'',NULL),(1324,40,3660,30000,1,6,0,0,0,'',NULL),(1325,40,3664,2400,0,3,0,0,0,'',NULL),(1326,40,3720,29620,0,3,0,0,0,'',NULL),(1327,40,3740,30000,1,3,0,0,0,'',NULL),(1328,40,3753,2400,0,3,0,0,0,'',NULL),(1329,40,3757,4440,0,3,0,0,0,'',NULL),(1330,40,3769,13333,0,4,0,0,0,'',NULL),(1331,40,3780,30000,1,3,0,0,0,'',NULL),(1332,40,3787,4600,0,2,0,0,0,'',NULL),(1333,40,3793,4443,0,3,0,0,0,'',NULL),(1334,40,3799,4280,0,5,0,0,0,'',NULL),(1335,40,3805,4800,0,2,0,0,0,'',NULL),(1336,40,3811,3460,0,3,0,0,0,'',NULL),(1337,40,3815,3333,0,3,0,0,0,'',NULL),(1338,40,3856,5925,1,2,0,0,0,'',NULL),(1339,40,3871,10000,1,3,0,0,0,'',NULL),(1340,40,3880,30000,0,3,0,0,0,'',NULL),(1341,40,3920,28340,0,4,0,0,0,'',NULL),(1342,40,3960,30000,0,3,0,0,0,'',NULL),(1343,40,3985,3700,0,3,0,0,0,'',NULL),(1344,40,3990,4300,0,3,0,0,0,'',NULL),(1345,40,3998,3200,0,3,0,0,0,'',NULL),(1346,40,4003,4340,0,3,0,0,0,'',NULL),(1347,40,4009,4300,0,3,0,0,0,'',NULL),(1348,40,4015,4340,0,3,0,0,0,'',NULL),(1349,40,4019,2222,1,2,0,0,0,'',NULL),(1350,40,4022,2961,1,1,0,0,0,'',NULL),(1351,40,4025,4800,0,3,0,0,0,'',NULL),(1352,40,4029,1610,0,2,0,0,0,'',NULL),(1353,40,4034,4610,0,2,0,0,0,'',NULL),(1354,40,4035,4610,1,2,0,0,0,'',NULL),(1355,40,4040,4610,0,2,0,0,0,'',NULL),(1356,40,4043,1600,0,2,0,0,0,'',NULL),(1357,40,4050,4300,0,3,0,0,0,'',NULL),(1358,40,4056,3600,0,6,0,0,0,'',NULL),(1359,40,4064,4000,0,2,0,0,0,'',NULL),(1360,40,4070,4000,0,3,0,0,0,'',NULL),(1361,40,4075,4610,0,2,0,0,0,'',NULL),(1362,40,4079,1600,0,6,0,0,0,'',NULL),(1363,40,4082,2857,0,6,0,0,0,'',NULL),(1364,40,4087,4650,0,3,0,0,0,'',NULL),(1365,40,4088,4650,1,4,0,0,0,'',NULL),(1366,40,4092,3850,0,3,0,0,0,'',NULL),(1367,40,4105,5000,0,3,0,0,0,'',NULL),(1368,40,4111,4600,0,3,0,0,0,'',NULL),(1369,40,4117,4285,0,3,0,0,0,'',NULL),(1370,40,4121,1920,0,3,0,0,0,'',NULL),(1371,40,4125,4441,0,3,0,0,0,'',NULL),(1372,40,4131,3600,0,3,0,0,0,'',NULL),(1373,40,4135,3333,0,3,0,0,0,'',NULL),(1374,40,4155,7200,0,2,0,0,0,'',NULL),(1375,41,11009,30000,0,3,0,0,0,'',NULL),(1376,41,11170,30000,0,4,0,0,0,'',NULL),(1377,41,11480,30000,0,3,0,0,0,'',NULL),(1378,41,11560,30000,0,3,0,0,0,'',NULL),(1379,41,11600,30000,0,3,0,0,0,'',NULL),(1380,41,11640,30000,0,4,0,0,0,'',NULL),(1381,41,11680,30000,0,0,0,0,0,'',NULL),(1382,41,12272,30000,0,2,0,0,0,'',NULL),(1383,41,12313,30000,0,2,0,0,0,'',NULL),(1384,41,12313,30000,1,3,0,0,0,'',NULL),(1385,41,12355,30000,0,4,0,0,0,'',NULL),(1386,41,12355,30000,1,2,0,0,0,'',NULL),(1387,41,12396,30000,0,6,0,0,0,'',NULL),(1388,41,12405,45000,1,6,0,0,0,'',NULL),(1389,41,12438,30000,0,2,0,0,0,'',NULL),(1390,41,12467,45000,1,3,0,0,0,'',NULL),(1391,41,12479,30000,0,6,0,0,0,'',NULL),(1392,41,12521,30000,0,6,0,0,0,'',NULL),(1393,41,12521,12500,1,2,0,0,0,'',NULL),(1394,41,12562,25776,0,2,0,0,0,'',NULL),(1395,41,12562,30000,1,3,0,0,0,'',NULL),(1396,41,12604,30000,0,4,0,0,0,'',NULL),(1397,41,12604,30000,1,3,0,0,0,'',NULL),(1398,41,12645,30000,1,2,0,0,0,'',NULL),(1399,41,12657,45000,0,3,0,0,0,'',NULL),(1400,41,12687,30000,1,3,0,0,0,'',NULL),(1401,41,12720,45000,0,3,0,0,0,'',NULL),(1402,41,12728,30000,1,2,0,0,0,'',NULL),(1403,42,10995,10000,0,1,0,0,0,'',NULL),(1404,42,11466,2000,0,4,0,0,0,'',NULL),(1405,42,11720,28800,0,3,0,0,0,'',NULL),(1406,42,11758,45000,1,3,0,0,0,'',NULL),(1407,42,11760,28800,0,2,0,0,0,'',NULL),(1408,42,11800,28800,0,2,0,0,0,'',NULL),(1409,42,11838,45000,1,3,0,0,0,'',NULL),(1410,42,11840,28800,0,2,0,0,0,'',NULL),(1411,42,11880,28800,0,2,0,0,0,'',NULL),(1412,42,11920,28800,0,2,0,0,0,'',NULL),(1413,42,11960,28800,0,6,0,0,0,'',NULL),(1414,42,12000,28000,0,2,0,0,0,'',NULL),(1415,42,12040,28800,0,3,0,0,0,'',NULL),(1416,42,12080,28800,0,2,0,0,0,'',NULL),(1417,42,12120,28800,0,2,0,0,0,'',NULL),(1418,42,12160,28800,0,3,0,0,0,'',NULL),(1419,42,12536,3353,1,3,0,0,0,'',NULL),(1420,42,12560,30000,1,4,0,0,0,'',NULL),(1421,42,12600,30000,1,2,0,0,0,'',NULL),(1422,42,12640,30000,1,4,0,0,0,'',NULL),(1423,43,10972,1915,1,0,0,0,0,'',NULL),(1424,43,11050,30000,1,2,0,0,0,'',NULL),(1425,43,11050,30000,0,0,0,0,0,'',NULL),(1426,43,11164,44995,1,2,0,0,0,'',NULL),(1427,43,11164,44995,0,2,0,0,0,'',NULL),(1428,43,11483,44995,1,2,0,0,0,'',NULL),(1429,43,11483,44995,0,2,0,0,0,'',NULL),(1430,43,11546,44995,1,2,0,0,0,'',NULL),(1431,43,11546,44995,0,2,0,0,0,'',NULL),(1432,43,11609,43975,1,2,0,0,0,'',NULL),(1433,43,11609,44995,0,2,0,0,0,'',NULL),(1434,43,11633,30000,0,6,0,0,0,'',NULL),(1435,43,11669,30000,0,6,0,0,0,'',NULL),(1436,43,11672,44995,1,2,0,0,0,'',NULL),(1437,43,11672,44995,0,3,0,0,0,'',NULL),(1438,43,12702,20000,0,3,0,0,0,'',NULL),(1439,44,10972,11200,0,3,0,0,0,'',NULL),(1440,44,11057,22222,0,3,0,0,0,'',NULL),(1441,44,11165,25000,0,2,0,0,0,'',NULL),(1442,44,11241,2740,1,3,0,0,0,'',NULL),(1443,44,11265,30000,0,3,0,0,0,'',NULL),(1444,44,11290,5000,1,4,0,0,0,'',NULL),(1445,44,11299,20000,0,0,0,0,0,'',NULL),(1446,44,11385,30000,0,3,0,0,0,'',NULL),(1447,44,11425,32730,1,0,0,0,0,'',NULL),(1448,44,11471,11160,1,2,0,0,0,'',NULL),(1449,44,11482,4027,0,5,0,0,0,'',NULL),(1450,44,11487,11850,1,3,0,0,0,'',NULL),(1451,44,11490,7243,0,3,0,0,0,'',NULL),(1452,44,11504,2080,0,3,0,0,0,'',NULL),(1453,44,11512,6160,0,0,0,0,0,'',NULL),(1454,44,11524,1250,1,5,0,0,0,'',NULL),(1455,44,11565,1980,1,3,0,0,0,'',NULL),(1456,44,11573,2500,1,3,0,0,0,'',NULL),(1457,44,11580,30000,0,0,0,0,0,'',NULL),(1458,44,11649,2170,0,3,0,0,0,'',NULL),(1459,44,11652,3000,0,4,0,0,0,'',NULL),(1460,44,11668,14400,0,4,0,0,0,'',NULL),(1461,44,11674,5000,1,4,0,0,0,'',NULL),(1462,44,12505,2020,1,3,0,0,0,'',NULL),(1463,44,12538,16317,1,3,0,0,0,'',NULL),(1464,44,12718,27500,1,3,0,0,0,'',NULL),(1465,45,3582,2850,0,3,0,0,0,'',NULL),(1466,45,3588,4285,0,3,0,0,0,'',NULL),(1467,45,3594,2850,0,3,0,0,0,'',NULL),(1468,45,3600,5925,0,3,0,0,0,'',NULL),(1469,45,3603,3300,1,3,0,0,0,'',NULL),(1470,45,3605,2626,0,3,0,0,0,'',NULL),(1471,45,3617,1850,1,3,0,0,0,'',NULL),(1472,45,3618,3038,0,3,0,0,0,'',NULL),(1473,45,3645,28000,0,3,0,0,0,'',NULL),(1474,45,3646,34170,1,2,0,0,0,'',NULL),(1475,45,3675,17500,0,3,0,0,0,'',NULL),(1476,45,3781,10000,1,3,0,0,0,'',NULL),(1477,45,3806,9000,0,4,0,0,0,'',NULL),(1478,45,3820,13330,0,4,0,0,0,'',NULL),(1479,45,3837,16667,0,3,0,0,0,'',NULL),(1480,45,3870,3600,0,3,0,0,0,'',NULL),(1481,45,3908,2850,0,3,0,0,0,'',NULL),(1482,45,3920,3000,0,3,0,0,0,'',NULL),(1483,45,3924,2850,0,3,0,0,0,'',NULL),(1484,45,3942,12150,0,3,0,0,0,'',NULL),(1485,45,3969,22222,0,3,0,0,0,'',NULL),(1486,45,3981,3600,1,3,0,0,0,'',NULL),(1487,45,3986,3610,1,3,0,0,0,'',NULL),(1488,45,3991,3600,1,3,0,0,0,'',NULL),(1489,45,4000,3610,1,3,0,0,0,'',NULL),(1490,45,4019,3600,1,3,0,0,0,'',NULL),(1491,45,4023,3610,1,3,0,0,0,'',NULL),(1492,45,4029,3600,1,3,0,0,0,'',NULL),(1493,45,4033,3610,1,3,0,0,0,'',NULL),(1494,45,4038,3600,1,3,0,0,0,'',NULL),(1495,45,4043,3610,1,3,0,0,0,'',NULL),(1496,45,4052,3610,1,3,0,0,0,'',NULL),(1497,45,4106,14990,1,3,0,0,0,'',NULL),(1498,45,4126,15284,1,3,0,0,0,'',NULL),(1499,46,10732,30000,1,3,0,0,0,'',NULL),(1500,46,10772,30000,1,3,0,0,0,'',NULL),(1501,46,10812,30000,1,5,0,0,0,'',NULL),(1502,46,10852,30000,1,3,0,0,0,'',NULL),(1503,46,10892,30000,1,5,0,0,0,'',NULL),(1504,46,10932,30000,1,3,0,0,0,'',NULL),(1505,46,10982,30000,1,5,0,0,0,'',NULL),(1506,46,11022,30000,1,3,0,0,0,'',NULL),(1507,46,11062,30000,1,5,0,0,0,'',NULL),(1508,46,11102,30000,1,3,0,0,0,'',NULL),(1509,46,11142,30000,1,5,0,0,0,'',NULL),(1510,46,11182,30000,1,5,0,0,0,'',NULL),(1511,46,11482,30000,1,5,0,0,0,'',NULL),(1512,46,11522,30000,1,5,0,0,0,'',NULL),(1513,46,11562,30000,1,5,0,0,0,'',NULL),(1514,46,11602,30000,1,5,0,0,0,'',NULL),(1515,46,11642,30000,1,5,0,0,0,'',NULL),(1516,46,11682,30000,1,5,0,0,0,'',NULL),(1517,46,12276,30000,1,3,0,0,0,'',NULL),(1518,46,12316,30000,0,4,0,0,0,'',NULL),(1519,46,12316,30000,1,3,0,0,0,'',NULL),(1520,46,12356,30000,1,3,0,0,0,'',NULL),(1521,46,12396,30000,1,3,0,0,0,'',NULL),(1522,46,12396,31000,0,2,0,0,0,'',NULL),(1523,46,12436,31000,0,2,0,0,0,'',NULL),(1524,46,12476,30000,1,3,0,0,0,'',NULL),(1525,46,12523,32700,1,5,0,0,0,'',NULL),(1526,46,12523,30000,0,3,0,0,0,'',NULL),(1527,46,12563,30000,1,4,0,0,0,'',NULL),(1528,46,12563,32000,0,4,0,0,0,'',NULL),(1529,46,12563,30000,0,4,0,0,0,'',NULL),(1530,46,12603,30000,1,4,0,0,0,'',NULL),(1531,46,12603,32000,0,4,0,0,0,'',NULL),(1532,46,12603,30000,0,4,0,0,0,'',NULL),(1533,46,12643,30000,1,5,0,0,0,'',NULL),(1534,46,12643,32000,0,4,0,0,0,'',NULL),(1535,46,12643,30000,0,4,0,0,0,'',NULL),(1536,46,12683,30000,1,4,0,0,0,'',NULL),(1537,46,12683,27500,0,4,0,0,0,'',NULL),(1538,46,12683,30000,0,4,0,0,0,'',NULL),(1539,46,12723,30000,1,4,0,0,0,'',NULL),(1540,46,12723,32700,0,5,0,0,0,'',NULL),(1541,47,3423,1556,0,3,0,0,0,'',NULL),(1542,47,3425,1333,0,4,0,0,0,'',NULL),(1543,47,3428,3873,0,2,0,0,0,'',NULL),(1544,47,3652,9783,0,6,0,0,0,'',NULL),(1545,47,3705,4290,0,3,0,0,0,'',NULL),(1546,47,3708,2090,1,3,0,0,0,'',NULL),(1547,47,3710,2860,0,3,0,0,0,'',NULL),(1548,47,3717,7500,0,3,0,0,0,'',NULL),(1549,47,3720,2500,1,2,0,0,0,'',NULL),(1550,47,3724,3030,1,2,0,0,0,'',NULL),(1551,47,3727,9833,0,2,0,0,0,'',NULL),(1552,47,3736,1833,0,3,0,0,0,'',NULL),(1553,47,3760,29700,1,4,0,0,0,'',NULL),(1554,47,3760,29700,0,4,0,0,0,'',NULL),(1555,47,3805,5064,1,3,0,0,0,'',NULL),(1556,47,3814,6660,1,6,0,0,0,'',NULL),(1557,47,3840,29720,1,4,0,0,0,'',NULL),(1558,47,3840,30000,0,4,0,0,0,'',NULL),(1559,47,3871,15000,0,2,0,0,0,'',NULL),(1560,47,3880,29720,1,4,0,0,0,'',NULL),(1561,47,3889,15000,0,4,0,0,0,'',NULL),(1562,47,3904,2916,0,2,0,0,0,'',NULL),(1563,47,3918,18385,0,2,0,0,0,'',NULL),(1564,47,3920,30000,1,4,0,0,0,'',NULL),(1565,47,3932,2916,0,2,0,0,0,'',NULL),(1566,47,3960,29700,0,4,0,0,0,'',NULL),(1567,47,4000,29700,0,4,0,0,0,'',NULL),(1568,47,4004,5000,1,3,0,0,0,'',NULL),(1569,47,4012,10000,1,2,0,0,0,'',NULL),(1570,47,4025,5000,1,3,0,0,0,'',NULL),(1571,47,4040,28600,0,4,0,0,0,'',NULL),(1572,47,4120,29720,1,4,0,0,0,'',NULL),(1573,47,4120,30000,0,4,0,0,0,'',NULL),(1574,47,4147,7200,0,4,0,0,0,'',NULL),(1575,47,4164,20640,0,2,0,0,0,'',NULL),(1576,48,11880,28800,0,3,0,0,0,'',NULL),(1577,48,11920,28800,0,3,0,0,0,'',NULL),(1578,48,11940,28800,1,3,0,0,0,'',NULL),(1579,48,11960,28800,0,3,0,0,0,'',NULL),(1580,48,11980,28800,1,3,0,0,0,'',NULL),(1581,48,12020,28800,1,3,0,0,0,'',NULL),(1582,48,12060,28800,1,3,0,0,0,'',NULL),(1583,48,12100,28800,1,3,0,0,0,'',NULL),(1584,48,12140,28800,1,3,0,0,0,'',NULL),(1585,48,12160,28800,0,3,0,0,0,'',NULL),(1586,48,12180,28800,1,3,0,0,0,'',NULL),(1587,49,11050,29500,1,5,0,0,0,'',NULL),(1588,49,11090,29500,1,3,0,0,0,'',NULL),(1589,49,11130,29500,1,3,0,0,0,'',NULL),(1590,49,11170,29500,1,3,0,0,0,'',NULL),(1591,49,11470,29500,0,3,0,0,0,'',NULL),(1592,49,11470,29500,1,3,0,0,0,'',NULL),(1593,49,11510,29500,0,5,0,0,0,'',NULL),(1594,49,11510,29500,1,3,0,0,0,'',NULL),(1595,49,11550,29500,0,3,0,0,0,'',NULL),(1596,49,11550,29500,1,3,0,0,0,'',NULL),(1597,49,11590,29500,0,5,0,0,0,'',NULL),(1598,49,11590,29500,1,3,0,0,0,'',NULL),(1599,49,11630,32000,0,3,0,0,0,'',NULL),(1600,49,11630,30000,1,6,0,0,0,'',NULL),(1601,49,11670,32000,0,3,0,0,0,'',NULL),(1602,49,11670,29500,1,3,0,0,0,'',NULL),(1603,50,11037,40700,0,3,0,0,0,'',NULL),(1604,50,11090,30000,0,4,0,0,0,'',NULL),(1605,50,11172,30000,0,4,0,0,0,'',NULL),(1606,50,11605,3340,0,2,0,0,0,'',NULL),(1607,50,11619,5000,0,3,0,0,0,'',NULL),(1608,50,11635,27500,0,3,0,0,0,'',NULL),(1609,50,11990,43000,0,4,0,0,0,'',NULL),(1610,50,12050,45000,0,3,0,0,0,'',NULL),(1611,50,12170,40700,0,4,0,0,0,'',NULL),(1612,50,12535,43200,1,3,0,0,0,'',NULL),(1613,50,12595,43200,0,3,0,0,0,'',NULL),(1614,50,12595,43200,1,3,0,0,0,'',NULL),(1615,50,12647,30000,0,0,0,0,0,'',NULL),(1616,50,12647,32700,1,4,0,0,0,'',NULL),(1617,50,12688,32000,0,3,0,0,0,'',NULL),(1618,50,12688,27500,1,4,0,0,0,'',NULL),(1619,50,12729,26400,0,3,0,0,0,'',NULL),(1620,50,12729,32700,1,4,0,0,0,'',NULL),(1621,51,10980,3200,0,3,0,0,0,'',NULL),(1622,51,11000,3375,0,3,0,0,0,'',NULL),(1623,51,11028,1666,1,5,0,0,0,'',NULL),(1624,51,11053,1570,1,3,0,0,0,'',NULL),(1625,51,11055,1666,1,2,0,0,0,'',NULL),(1626,51,11116,34000,1,0,0,0,0,'',NULL),(1627,51,11117,4444,0,3,0,0,0,'',NULL),(1628,52,12273,3300,0,3,0,0,0,'',NULL),(1629,52,12323,12000,1,3,0,0,0,'',NULL),(1630,52,12354,3300,0,3,0,0,0,'',NULL),(1631,52,12427,2916,1,0,0,0,0,'',NULL),(1632,52,12458,4000,0,4,0,0,0,'',NULL),(1633,52,12623,4296,0,3,0,0,0,'',NULL),(1634,52,12693,5000,0,3,0,0,0,'',NULL),(1635,53,3660,27500,1,3,0,0,0,'',NULL),(1636,53,3665,2500,0,6,0,0,0,'',NULL),(1637,53,3700,30000,1,3,0,0,0,'',NULL),(1638,53,3726,6666,1,3,0,0,0,'',NULL),(1639,53,3760,27500,0,3,0,0,0,'',NULL),(1640,53,3765,4640,1,3,0,0,0,'',NULL),(1641,53,3770,2644,1,3,0,0,0,'',NULL),(1642,53,3784,3255,0,3,0,0,0,'',NULL),(1643,53,3820,27500,1,3,0,0,0,'',NULL),(1644,53,3840,29720,0,4,0,0,0,'',NULL),(1645,53,3960,30000,0,4,0,0,0,'',NULL),(1646,53,3980,29720,1,4,0,0,0,'',NULL),(1647,53,4000,28125,0,3,0,0,0,'',NULL),(1648,53,4020,28100,1,3,0,0,0,'',NULL),(1649,53,4040,29720,0,4,0,0,0,'',NULL),(1650,53,4114,18400,0,2,0,0,0,'',NULL),(1651,53,4132,10587,0,2,0,0,0,'',NULL),(1652,54,2535,22500,0,3,0,0,0,'',NULL),(1653,54,2535,22500,1,3,0,0,0,'',NULL),(1654,54,2565,22500,0,3,0,0,0,'',NULL),(1655,54,2565,22500,1,3,0,0,0,'',NULL),(1656,54,2595,20000,0,3,0,0,0,'',NULL),(1657,54,2595,22500,1,3,0,0,0,'',NULL),(1658,54,2625,22500,0,3,0,0,0,'',NULL),(1659,54,2625,22500,1,3,0,0,0,'',NULL),(1660,54,2655,22500,0,3,0,0,0,'',NULL),(1661,54,2655,22500,1,3,0,0,0,'',NULL),(1662,55,3520,30000,1,6,0,0,0,'',NULL),(1663,55,3560,30000,1,6,0,0,0,'',NULL),(1664,55,4076,22500,1,3,0,0,0,'',NULL),(1665,56,12310,29995,1,3,0,0,0,'',NULL),(1666,56,12347,10740,1,2,0,0,0,'',NULL),(1667,56,12358,3700,1,3,0,0,0,'',NULL),(1668,56,12365,5063,1,3,0,0,0,'',NULL),(1669,56,12365,2400,0,3,0,0,0,'',NULL),(1670,56,12435,3564,0,5,0,0,0,'',NULL),(1671,56,12514,2500,0,4,0,0,0,'',NULL),(1672,56,12560,2300,0,4,0,0,0,'',NULL),(1673,56,12590,30000,1,2,0,0,0,'',NULL),(1674,56,12602,17500,0,4,0,0,0,'',NULL),(1675,56,12612,1070,1,3,0,0,0,'',NULL),(1676,56,12618,3900,1,1,0,0,0,'',NULL),(1677,56,12665,3818,0,3,0,0,0,'',NULL),(1678,57,3429,1250,0,3,0,0,0,'',NULL),(1679,57,3600,31000,1,2,0,0,0,'',NULL),(1680,57,3627,17985,0,4,0,0,0,'',NULL),(1681,57,3746,4400,0,6,0,0,0,'',NULL),(1682,57,3750,2083,1,3,0,0,0,'',NULL),(1683,57,3752,4700,0,3,0,0,0,'',NULL),(1684,57,3762,3500,0,3,0,0,0,'',NULL),(1685,57,3767,4000,0,0,0,0,0,'',NULL),(1686,57,3774,6500,0,3,0,0,0,'',NULL),(1687,57,3786,5632,0,3,0,0,0,'',NULL),(1688,57,3815,1700,1,5,0,0,0,'',NULL),(1689,57,3819,1000,1,4,0,0,0,'',NULL),(1690,57,3835,7000,0,5,0,0,0,'',NULL),(1691,57,3863,4333,1,3,0,0,0,'',NULL),(1692,57,3880,29900,0,3,0,0,0,'',NULL),(1693,57,3910,1500,0,2,0,0,0,'',NULL),(1694,57,3922,1640,0,3,0,0,0,'',NULL),(1695,57,3925,2590,0,3,0,0,0,'',NULL),(1696,57,3932,15800,1,4,0,0,0,'',NULL),(1697,57,3934,7200,0,3,0,0,0,'',NULL),(1698,57,3946,7400,1,4,0,0,0,'',NULL),(1699,57,3960,30000,0,2,0,0,0,'',NULL),(1700,57,3984,3635,0,4,0,0,0,'',NULL),(1701,57,3988,2500,0,4,0,0,0,'',NULL),(1702,57,3991,2600,0,3,0,0,0,'',NULL),(1703,57,4007,4800,1,3,0,0,0,'',NULL),(1704,57,4014,7200,0,4,0,0,0,'',NULL),(1705,57,4044,2833,1,3,0,0,0,'',NULL),(1706,57,4047,1650,0,4,0,0,0,'',NULL),(1707,57,4052,3333,0,3,0,0,0,'',NULL),(1708,57,4055,2900,1,2,0,0,0,'',NULL),(1709,57,4057,2727,0,4,0,0,0,'',NULL),(1710,57,4080,28125,0,3,0,0,0,'',NULL),(1711,57,4100,29900,1,3,0,0,0,'',NULL),(1712,57,4110,11669,0,3,0,0,0,'',NULL),(1713,57,4122,2244,0,3,0,0,0,'',NULL),(1714,57,4131,12250,0,2,0,0,0,'',NULL),(1715,57,4186,8800,1,3,0,0,0,'',NULL),(1716,58,3600,27500,1,5,0,0,0,'',NULL),(1717,58,3640,27500,1,5,0,0,0,'',NULL),(1718,58,3680,27500,1,5,0,0,0,'',NULL),(1719,58,3709,10920,0,3,0,0,0,'',NULL),(1720,58,3740,27500,1,3,0,0,0,'',NULL),(1721,58,3750,10490,0,3,0,0,0,'',NULL),(1722,58,3770,12360,0,6,0,0,0,'',NULL),(1723,58,3796,6930,0,1,0,0,0,'',NULL),(1724,58,3807,6000,1,3,0,0,0,'',NULL),(1725,58,3808,8800,0,3,0,0,0,'',NULL),(1726,58,3815,4420,1,3,0,0,0,'',NULL),(1727,58,3825,6780,1,3,0,0,0,'',NULL),(1728,58,3834,5400,1,3,0,0,0,'',NULL),(1729,58,3840,27500,0,3,0,0,0,'',NULL),(1730,58,3846,5950,1,3,0,0,0,'',NULL),(1731,58,3854,4420,1,3,0,0,0,'',NULL),(1732,58,3861,4800,1,3,0,0,0,'',NULL),(1733,58,3871,9080,1,3,0,0,0,'',NULL),(1734,58,3880,27500,0,3,0,0,0,'',NULL),(1735,58,3885,4340,1,3,0,0,0,'',NULL),(1736,58,3892,4420,1,3,0,0,0,'',NULL),(1737,58,3903,9300,1,3,0,0,0,'',NULL),(1738,58,3913,6400,1,3,0,0,0,'',NULL),(1739,58,3929,8840,1,3,0,0,0,'',NULL),(1740,58,3940,5948,1,3,0,0,0,'',NULL),(1741,58,3950,11406,0,4,0,0,0,'',NULL),(1742,58,3951,9520,1,3,0,0,0,'',NULL),(1743,58,3960,3570,0,3,0,0,0,'',NULL),(1744,58,3971,10000,0,3,0,0,0,'',NULL),(1745,58,3980,27500,1,3,0,0,0,'',NULL),(1746,58,4000,27500,0,3,0,0,0,'',NULL),(1747,58,4020,27500,1,3,0,0,0,'',NULL),(1748,58,4034,19575,0,0,0,0,0,'',NULL),(1749,58,4060,27500,1,3,0,0,0,'',NULL),(1750,58,4067,9988,0,3,0,0,0,'',NULL),(1751,58,4100,27500,1,3,0,0,0,'',NULL),(1752,58,4116,21374,0,3,0,0,0,'',NULL),(1753,58,4135,4340,0,3,0,0,0,'',NULL),(1754,58,4140,27500,1,3,0,0,0,'',NULL),(1755,58,4147,6150,0,3,0,0,0,'',NULL),(1756,58,4158,8680,0,3,0,0,0,'',NULL),(1757,58,4171,9200,0,3,0,0,0,'',NULL),(1758,58,4175,18000,1,1,0,0,0,'',NULL),(1759,58,4192,6000,1,3,0,0,0,'',NULL),(1760,59,11747,23800,0,4,0,0,0,'',NULL),(1761,59,11785,21300,0,5,0,0,0,'',NULL),(1762,59,11823,23800,0,4,0,0,0,'',NULL),(1763,59,11862,23800,0,4,0,0,0,'',NULL),(1764,59,11900,21300,0,2,0,0,0,'',NULL),(1765,59,11938,23800,0,4,0,0,0,'',NULL),(1766,59,12290,29500,0,3,0,0,0,'',NULL),(1767,59,12330,29500,0,3,0,0,0,'',NULL),(1768,59,12350,26700,1,5,0,0,0,'',NULL),(1769,59,12370,29500,0,3,0,0,0,'',NULL),(1770,59,12390,26700,1,5,0,0,0,'',NULL),(1771,59,12410,29500,0,3,0,0,0,'',NULL),(1772,59,12430,26700,1,5,0,0,0,'',NULL),(1773,59,12450,27489,0,3,0,0,0,'',NULL),(1774,59,12490,29500,0,3,0,0,0,'',NULL),(1775,59,12523,7900,1,4,0,0,0,'',NULL),(1776,59,12530,27489,0,3,0,0,0,'',NULL),(1777,59,12570,29500,0,3,0,0,0,'',NULL),(1778,59,12610,29500,0,3,0,0,0,'',NULL),(1779,59,12650,29500,0,3,0,0,0,'',NULL),(1780,59,12670,26700,1,5,0,0,0,'',NULL),(1781,59,12690,29500,0,3,0,0,0,'',NULL),(1782,59,12730,29500,0,3,0,0,0,'',NULL),(1783,60,12415,43200,1,2,0,0,0,'',NULL),(1784,61,4014,5037,0,5,0,0,0,'',NULL),(1785,61,4070,15000,1,3,0,0,0,'',NULL),(1786,61,4145,2500,0,6,0,0,0,'',NULL),(1787,61,4156,2170,0,3,0,0,0,'',NULL),(1788,62,12313,23303,0,6,0,0,0,'',NULL),(1789,62,12373,23303,0,6,0,0,0,'',NULL),(1790,62,12433,23303,0,6,0,0,0,'',NULL),(1791,62,12448,21096,1,3,0,0,0,'',NULL),(1792,62,12490,30000,0,6,0,0,0,'',NULL),(1793,62,12508,23303,1,6,0,0,0,'',NULL),(1794,62,12523,23303,0,6,0,0,0,'',NULL),(1795,62,12530,30000,0,6,0,0,0,'',NULL),(1796,62,12538,23303,1,6,0,0,0,'',NULL),(1797,62,12553,23303,0,6,0,0,0,'',NULL),(1798,62,12568,23303,1,6,0,0,0,'',NULL),(1799,62,12570,30000,0,6,0,0,0,'',NULL),(1800,62,12583,23303,0,6,0,0,0,'',NULL),(1801,62,12598,23303,1,6,0,0,0,'',NULL),(1802,62,12602,15000,0,6,0,0,0,'',NULL),(1803,62,12613,23303,0,6,0,0,0,'',NULL),(1804,62,12628,23303,1,6,0,0,0,'',NULL),(1805,62,12643,23303,0,6,0,0,0,'',NULL),(1806,62,12673,23303,0,6,0,0,0,'',NULL),(1807,62,12688,23303,1,6,0,0,0,'',NULL),(1808,62,12703,23303,0,6,0,0,0,'',NULL),(1809,62,12718,23303,1,6,0,0,0,'',NULL),(1810,62,12733,23303,0,6,0,0,0,'',NULL),(1811,63,12268,23303,1,6,0,0,0,'',NULL),(1812,63,12348,23303,1,6,0,0,0,'',NULL),(1813,63,12368,23303,0,6,0,0,0,'',NULL),(1814,63,12408,23303,0,6,0,0,0,'',NULL),(1815,63,12428,23303,1,6,0,0,0,'',NULL),(1816,63,12468,23303,1,6,0,0,0,'',NULL),(1817,63,12508,23303,1,6,0,0,0,'',NULL),(1818,63,12523,23303,0,6,0,0,0,'',NULL),(1819,63,12538,23303,1,6,0,0,0,'',NULL),(1820,63,12553,23303,0,6,0,0,0,'',NULL),(1821,63,12568,23303,1,6,0,0,0,'',NULL),(1822,63,12583,23303,0,6,0,0,0,'',NULL),(1823,63,12598,23303,1,6,0,0,0,'',NULL),(1824,63,12613,23303,0,6,0,0,0,'',NULL),(1825,63,12628,21096,1,3,0,0,0,'',NULL),(1826,63,12643,23303,0,6,0,0,0,'',NULL),(1827,63,12673,23303,0,6,0,0,0,'',NULL),(1828,63,12688,23303,1,6,0,0,0,'',NULL),(1829,63,12703,23303,0,6,0,0,0,'',NULL),(1830,63,12718,23303,1,6,0,0,0,'',NULL),(1831,63,12733,23303,0,6,0,0,0,'',NULL),(1832,65,3547,2000,1,4,0,0,0,'',NULL),(1833,65,3549,1200,1,3,0,0,0,'',NULL),(1834,65,3590,19200,1,2,0,0,0,'',NULL),(1835,66,3720,30000,0,0,0,0,0,'',NULL),(1836,66,3732,30000,1,3,0,0,0,'',NULL),(1837,66,3840,27500,0,3,0,0,0,'',NULL),(1838,66,3919,1200,1,0,0,0,0,'',NULL),(1839,66,4020,30000,1,3,0,0,0,'',NULL),(1840,66,4032,2688,0,3,0,0,0,'',NULL),(1841,66,4039,2800,0,2,0,0,0,'',NULL),(1842,66,4043,2800,0,3,0,0,0,'',NULL),(1843,66,4051,9628,0,3,0,0,0,'',NULL),(1844,66,4160,2960,0,3,0,0,0,'',NULL),(1845,67,10981,44948,1,4,0,0,0,'',NULL),(1846,67,11082,2500,0,4,0,0,0,'',NULL),(1847,67,11124,4340,1,3,0,0,0,'',NULL),(1848,67,11262,30000,1,3,0,0,0,'',NULL),(1849,67,11387,30000,1,3,0,0,0,'',NULL),(1850,67,11429,22800,0,0,0,0,0,'',NULL),(1851,67,11530,22250,0,2,0,0,0,'',NULL),(1852,67,11557,22250,0,2,0,0,0,'',NULL),(1853,67,11665,38400,1,4,0,0,0,'',NULL),(1854,67,12207,27500,1,3,0,0,0,'',NULL),(1855,67,12226,27500,0,3,0,0,0,'',NULL),(1856,67,12245,27500,1,3,0,0,0,'',NULL),(1857,67,12303,27500,0,3,0,0,0,'',NULL),(1858,67,12322,27500,1,3,0,0,0,'',NULL),(1859,67,12380,27500,0,3,0,0,0,'',NULL),(1860,67,12399,27500,1,3,0,0,0,'',NULL),(1861,67,12456,27500,0,3,0,0,0,'',NULL),(1862,67,12476,27500,1,3,0,0,0,'',NULL),(1863,68,12508,21096,1,3,0,0,0,'',NULL),(1864,68,12558,3515,1,3,0,0,0,'',NULL),(1865,68,12598,21096,1,3,0,0,0,'',NULL),(1866,68,12658,21096,1,3,0,0,0,'',NULL),(1867,69,12295,1644,1,3,0,0,0,'',NULL),(1868,69,12297,835,1,3,0,0,0,'',NULL),(1869,69,12519,22500,1,3,0,0,0,'',NULL),(1870,69,12546,22500,1,3,0,0,0,'',NULL),(1871,69,12581,22500,0,3,0,0,0,'',NULL),(1872,69,12608,22500,0,3,0,0,0,'',NULL),(1873,69,12706,22500,1,3,0,0,0,'',NULL),(1874,69,12734,22500,1,3,0,0,0,'',NULL),(1875,71,11720,29450,0,6,0,0,0,'',NULL),(1876,71,11762,27800,0,3,0,0,0,'',NULL),(1877,71,11804,30000,1,6,0,0,0,'',NULL),(1878,71,11804,29450,0,6,0,0,0,'',NULL),(1879,71,11845,27800,1,3,0,0,0,'',NULL),(1880,71,11845,29450,0,6,0,0,0,'',NULL),(1881,71,11886,30000,1,6,0,0,0,'',NULL),(1882,71,11886,27800,0,3,0,0,0,'',NULL),(1883,71,11928,30000,1,6,0,0,0,'',NULL),(1884,71,11928,27800,0,3,0,0,0,'',NULL),(1885,71,11970,27800,0,3,0,0,0,'',NULL),(1886,71,12011,29460,1,6,0,0,0,'',NULL),(1887,71,12011,29455,0,6,0,0,0,'',NULL),(1888,71,12052,29450,0,6,0,0,0,'',NULL),(1889,71,12094,27800,1,3,0,0,0,'',NULL),(1890,71,12094,29450,0,6,0,0,0,'',NULL),(1891,71,12136,27800,1,3,0,0,0,'',NULL),(1892,71,12136,27800,0,3,0,0,0,'',NULL),(1893,71,12177,27800,1,3,0,0,0,'',NULL),(1894,71,12177,27800,0,3,0,0,0,'',NULL),(1895,71,12278,27800,0,3,0,0,0,'',NULL),(1896,71,12358,27800,0,3,0,0,0,'',NULL),(1897,71,12369,30000,1,6,0,0,0,'',NULL),(1898,71,12398,27800,0,3,0,0,0,'',NULL),(1899,71,12438,27800,0,3,0,0,0,'',NULL),(1900,71,12478,27800,0,3,0,0,0,'',NULL),(1901,71,12487,30000,1,6,0,0,0,'',NULL),(1902,71,12518,27800,0,3,0,0,0,'',NULL),(1903,71,12558,27800,0,3,0,0,0,'',NULL),(1904,71,12567,30000,1,6,0,0,0,'',NULL),(1905,71,12598,27800,0,3,0,0,0,'',NULL),(1906,71,12638,27800,0,3,0,0,0,'',NULL),(1907,71,12647,30000,1,6,0,0,0,'',NULL),(1908,71,12707,22500,0,0,0,0,0,'',NULL),(1909,71,12721,27800,0,3,0,0,0,'',NULL),(1910,71,12728,30000,1,6,0,0,0,'',NULL),(1911,72,12267,22500,0,2,0,0,0,'',NULL),(1912,72,12295,22500,0,3,0,0,0,'',NULL),(1913,72,12331,22500,0,2,0,0,0,'',NULL),(1914,72,12358,22500,0,2,0,0,0,'',NULL),(1915,72,12394,22500,0,3,0,0,0,'',NULL),(1916,72,12421,22500,0,3,0,0,0,'',NULL),(1917,72,12456,22500,0,3,0,0,0,'',NULL),(1918,72,12470,47300,0,0,0,0,0,'',NULL),(1919,72,12483,22500,0,3,0,0,0,'',NULL),(1920,72,12519,22500,0,3,0,0,0,'',NULL),(1921,72,12532,47300,0,4,0,0,0,'',NULL),(1922,72,12546,22500,0,3,0,0,0,'',NULL),(1923,72,12581,22500,0,3,0,0,0,'',NULL),(1924,72,12608,22500,0,3,0,0,0,'',NULL),(1925,72,12644,22500,0,3,0,0,0,'',NULL),(1926,72,12671,22500,0,3,0,0,0,'',NULL),(1927,72,12707,22500,0,3,0,0,0,'',NULL),(1928,72,12734,22500,0,3,0,0,0,'',NULL),(1929,73,12319,5179,0,2,0,0,0,'',NULL),(1930,73,12324,5179,0,1,0,0,0,'',NULL),(1931,74,12286,30000,0,3,0,0,0,'',NULL),(1932,74,12485,4600,1,3,0,0,0,'',NULL),(1933,74,12569,26809,1,0,0,0,0,'',NULL),(1934,74,12595,2893,0,3,0,0,0,'',NULL),(1935,74,12613,2222,0,1,0,0,0,'',NULL),(1936,74,12646,28066,0,3,0,0,0,'',NULL),(1937,74,12726,28066,0,3,0,0,0,'',NULL),(1938,75,3724,5185,1,3,0,0,0,'',NULL),(1939,75,3736,2963,1,3,0,0,0,'',NULL),(1940,75,3747,11200,0,4,0,0,0,'',NULL),(1941,75,3760,30000,1,3,0,0,0,'',NULL),(1942,75,3780,30000,0,3,0,0,0,'',NULL),(1943,75,3805,3960,1,3,0,0,0,'',NULL),(1944,75,3810,15000,0,4,0,0,0,'',NULL),(1945,75,3815,4400,1,3,0,0,0,'',NULL),(1946,75,3851,10800,1,6,0,0,0,'',NULL),(1947,75,3880,30000,1,6,0,0,0,'',NULL),(1948,75,3900,30000,0,2,0,0,0,'',NULL),(1949,75,3920,28800,1,6,0,0,0,'',NULL),(1950,75,3940,27690,0,5,0,0,0,'',NULL),(1951,75,3980,30000,0,3,0,0,0,'',NULL),(1952,75,4011,7500,0,4,0,0,0,'',NULL),(1953,75,4040,30000,1,3,0,0,0,'',NULL),(1954,75,4080,30000,1,3,0,0,0,'',NULL),(1955,75,4140,29910,0,2,0,0,0,'',NULL),(1956,75,4161,3448,1,6,0,0,0,'',NULL),(1957,75,4180,30000,0,2,0,0,0,'',NULL),(1958,76,3792,2048,1,2,0,0,0,'',NULL),(1959,76,3987,8950,1,2,0,0,0,'',NULL),(1960,76,3999,2960,1,3,0,0,0,'',NULL),(1961,76,4055,11000,0,1,0,0,0,'',NULL),(1962,76,4099,30000,1,6,0,0,0,'',NULL),(1963,76,4192,2644,1,3,0,0,0,'',NULL),(1964,77,11600,1000,1,3,0,0,0,'',NULL),(1965,77,11605,990,0,2,0,0,0,'',NULL),(1966,78,10722,30000,1,3,0,0,0,'',NULL),(1967,78,10722,30000,0,3,0,0,0,'',NULL),(1968,78,10802,30000,1,3,0,0,0,'',NULL),(1969,78,10802,28000,0,0,0,0,0,'',NULL),(1970,78,10882,30000,1,3,0,0,0,'',NULL),(1971,78,10882,30000,0,3,0,0,0,'',NULL),(1972,78,10970,28000,1,0,0,0,0,'',NULL),(1973,78,10970,29000,0,3,0,0,0,'',NULL),(1974,78,11050,29000,1,0,0,0,0,'',NULL),(1975,78,11050,29000,0,0,0,0,0,'',NULL),(1976,78,11130,29000,1,3,0,0,0,'',NULL),(1977,78,11130,28000,0,0,0,0,0,'',NULL),(1978,78,11222,30000,1,2,0,0,0,'',NULL),(1979,78,11222,30000,0,2,0,0,0,'',NULL),(1980,78,11262,30000,0,2,0,0,0,'',NULL),(1981,78,11302,30000,1,2,0,0,0,'',NULL),(1982,78,11302,30000,0,2,0,0,0,'',NULL),(1983,78,11342,30000,1,2,0,0,0,'',NULL),(1984,78,11382,30000,1,3,0,0,0,'',NULL),(1985,78,11382,30000,0,3,0,0,0,'',NULL),(1986,78,11422,30000,0,2,0,0,0,'',NULL),(1987,79,11480,30000,0,3,0,0,0,'',NULL),(1988,79,11480,30000,1,1,0,0,0,'',NULL),(1989,79,11520,30000,0,3,0,0,0,'',NULL),(1990,79,11520,30000,1,3,0,0,0,'',NULL),(1991,79,11560,30000,0,3,0,0,0,'',NULL),(1992,79,11560,30000,1,2,0,0,0,'',NULL),(1993,79,11600,30000,0,3,0,0,0,'',NULL),(1994,79,11600,30000,1,3,0,0,0,'',NULL),(1995,79,11640,30000,0,3,0,0,0,'',NULL),(1996,79,11640,30000,1,3,0,0,0,'',NULL),(1997,79,11680,30000,0,3,0,0,0,'',NULL),(1998,79,11680,30000,1,3,0,0,0,'',NULL),(1999,79,11736,22500,1,3,0,0,0,'',NULL),(2000,79,11764,22500,1,3,0,0,0,'',NULL),(2001,79,11796,22500,1,3,0,0,0,'',NULL),(2002,79,11824,22500,1,3,0,0,0,'',NULL),(2003,79,11856,22500,1,3,0,0,0,'',NULL),(2004,79,11884,22500,1,3,0,0,0,'',NULL),(2005,79,11916,22500,1,3,0,0,0,'',NULL),(2006,79,11944,22500,1,3,0,0,0,'',NULL),(2007,79,11976,22500,0,3,0,0,0,'',NULL),(2008,79,11976,22500,1,3,0,0,0,'',NULL),(2009,79,12004,22500,0,3,0,0,0,'',NULL),(2010,79,12004,22500,1,3,0,0,0,'',NULL),(2011,79,12036,22500,0,3,0,0,0,'',NULL),(2012,79,12036,22500,1,3,0,0,0,'',NULL),(2013,79,12064,22500,0,3,0,0,0,'',NULL),(2014,79,12064,22500,1,3,0,0,0,'',NULL),(2015,79,12096,22500,0,3,0,0,0,'',NULL),(2016,79,12096,22500,1,3,0,0,0,'',NULL),(2017,79,12124,22500,0,3,0,0,0,'',NULL),(2018,79,12124,22500,1,3,0,0,0,'',NULL),(2019,79,12156,22500,0,3,0,0,0,'',NULL),(2020,79,12156,22500,1,3,0,0,0,'',NULL),(2021,79,12184,22500,0,3,0,0,0,'',NULL),(2022,79,12184,22500,1,3,0,0,0,'',NULL),(2023,80,11557,13500,0,5,0,0,0,'',NULL),(2024,81,10730,27500,0,3,0,0,0,'',NULL),(2025,81,10770,30000,0,4,0,0,0,'',NULL),(2026,81,10890,27500,1,3,0,0,0,'',NULL),(2027,81,10917,7500,1,4,0,0,0,'',NULL),(2028,81,10922,1667,1,0,0,0,0,'',NULL),(2029,81,11262,30000,1,3,0,0,0,'',NULL),(2030,81,11302,30000,0,3,0,0,0,'',NULL),(2031,81,11342,34290,1,3,0,0,0,'',NULL),(2032,81,11382,30000,0,3,0,0,0,'',NULL),(2033,81,11422,5000,1,4,0,0,0,'',NULL),(2034,81,11491,7522,1,0,0,0,0,'',NULL),(2035,81,11496,7884,0,0,0,0,0,'',NULL),(2036,81,11502,700,1,3,0,0,0,'',NULL),(2037,81,11503,1667,0,0,0,0,0,'',NULL),(2038,81,11510,10000,1,3,0,0,0,'',NULL),(2039,81,11731,30000,1,3,0,0,0,'',NULL),(2040,81,11771,30000,1,3,0,0,0,'',NULL),(2041,81,11791,2500,1,3,0,0,0,'',NULL),(2042,81,11811,30000,1,3,0,0,0,'',NULL),(2043,81,11851,30000,1,3,0,0,0,'',NULL),(2044,81,11884,27500,1,2,0,0,0,'',NULL),(2045,81,11891,30000,1,3,0,0,0,'',NULL),(2046,81,11911,12000,1,3,0,0,0,'',NULL),(2047,81,11931,30000,1,3,0,0,0,'',NULL),(2048,81,11974,3030,1,3,0,0,0,'',NULL),(2049,81,11977,3255,1,0,0,0,0,'',NULL),(2050,81,11985,1080,1,0,0,0,0,'',NULL),(2051,81,12052,27500,1,3,0,0,0,'',NULL),(2052,81,12052,27500,0,3,0,0,0,'',NULL),(2053,81,12076,4000,1,4,0,0,0,'',NULL),(2054,81,12092,27500,1,3,0,0,0,'',NULL),(2055,81,12092,30000,0,3,0,0,0,'',NULL),(2056,81,12108,4190,1,2,0,0,0,'',NULL),(2057,81,12130,27500,0,3,0,0,0,'',NULL),(2058,81,12169,27500,0,3,0,0,0,'',NULL),(2059,81,12207,27500,0,3,0,0,0,'',NULL),(2060,81,12246,27500,0,3,0,0,0,'',NULL),(2061,81,12284,27500,0,3,0,0,0,'',NULL),(2062,81,12322,27500,0,3,0,0,0,'',NULL),(2063,81,12360,27500,0,3,0,0,0,'',NULL),(2064,81,12399,27500,0,3,0,0,0,'',NULL),(2065,81,12437,27500,0,3,0,0,0,'',NULL),(2066,81,12476,27500,0,3,0,0,0,'',NULL),(2067,81,12519,1481,1,3,0,0,0,'',NULL),(2068,81,12706,12000,0,0,0,0,0,'',NULL),(2069,82,11050,17100,0,5,0,0,0,'',NULL),(2070,82,11495,44100,1,0,0,0,0,'',NULL),(2071,83,11132,14115,1,1,0,0,0,'',NULL),(2072,83,11555,30000,0,0,0,0,0,'',NULL),(2073,83,11626,13500,0,5,0,0,0,'',NULL),(2074,83,11675,30000,0,0,0,0,0,'',NULL),(2075,83,12160,30000,0,2,0,0,0,'',NULL),(2076,83,12240,30000,0,2,0,0,0,'',NULL),(2077,84,10986,30000,1,3,0,0,0,'',NULL),(2078,84,11126,17250,0,6,0,0,0,'',NULL),(2079,84,11551,40000,1,0,0,0,0,'',NULL),(2080,84,11671,30000,1,4,0,0,0,'',NULL),(2081,84,11777,4000,0,3,0,0,0,'',NULL),(2082,84,11861,35000,0,3,0,0,0,'',NULL),(2083,84,11921,35000,0,3,0,0,0,'',NULL),(2084,84,12530,30000,1,3,0,0,0,'',NULL),(2085,84,12570,30000,1,3,0,0,0,'',NULL),(2086,84,12610,30000,1,3,0,0,0,'',NULL),(2087,84,12650,30000,1,3,0,0,0,'',NULL),(2088,84,12674,20250,0,3,0,0,0,'',NULL),(2089,84,12690,30000,1,3,0,0,0,'',NULL),(2090,84,12730,30000,1,3,0,0,0,'',NULL),(2091,85,3877,16195,0,6,0,0,0,'',NULL),(2092,85,3906,26500,0,2,0,0,0,'',NULL),(2093,85,3950,3220,1,3,0,0,0,'',NULL),(2094,85,4000,7636,1,4,0,0,0,'',NULL),(2095,85,4008,6730,1,3,0,0,0,'',NULL),(2096,85,4015,4445,1,2,0,0,0,'',NULL),(2097,85,4032,9037,1,4,0,0,0,'',NULL),(2098,85,4069,2500,1,3,0,0,0,'',NULL),(2099,85,4071,1600,1,4,0,0,0,'',NULL),(2100,85,4094,3906,1,3,0,0,0,'',NULL),(2101,85,4132,5750,0,1,0,0,0,'',NULL),(2102,85,4139,5750,0,1,0,0,0,'',NULL),(2103,86,10983,45000,0,0,0,0,0,'',NULL),(2104,86,11401,18350,1,3,0,0,0,'',NULL),(2105,86,11428,25720,1,3,0,0,0,'',NULL),(2106,86,11506,2894,1,3,0,0,0,'',NULL),(2107,86,11568,2678,0,2,0,0,0,'',NULL),(2108,86,11733,45000,0,0,0,0,0,'',NULL),(2109,86,11795,45000,0,0,0,0,0,'',NULL),(2110,86,11857,45000,0,0,0,0,0,'',NULL),(2111,86,11919,45000,0,0,0,0,0,'',NULL),(2112,86,12550,4411,0,2,0,0,0,'',NULL),(2113,86,12585,3198,0,5,0,0,0,'',NULL),(2114,86,12600,6420,0,2,0,0,0,'',NULL),(2115,86,12609,7552,0,3,0,0,0,'',NULL),(2116,86,12707,4054,0,3,0,0,0,'',NULL),(2117,87,11008,2141,1,3,0,0,0,'',NULL),(2118,87,11390,27500,1,3,0,0,0,'',NULL),(2119,87,11632,2223,0,3,0,0,0,'',NULL),(2120,87,12556,8210,1,2,0,0,0,'',NULL),(2121,87,12638,13980,0,6,0,0,0,'',NULL),(2122,87,12718,36510,0,4,0,0,0,'',NULL),(2123,87,12752,2666,1,5,0,0,0,'',NULL),(2124,88,10983,12110,1,0,0,0,0,'',NULL),(2125,88,11152,2860,1,3,0,0,0,'',NULL),(2126,88,11483,3470,1,5,0,0,0,'',NULL),(2127,88,11566,8000,0,3,0,0,0,'',NULL),(2128,89,10971,27500,0,4,0,0,0,'',NULL),(2129,89,10971,27500,1,3,0,0,0,'',NULL),(2130,89,11013,27500,0,4,0,0,0,'',NULL),(2131,89,11013,27500,1,4,0,0,0,'',NULL),(2132,89,11054,27500,0,2,0,0,0,'',NULL),(2133,89,11054,27500,1,2,0,0,0,'',NULL),(2134,89,11096,27500,0,4,0,0,0,'',NULL),(2135,89,11096,30000,1,3,0,0,0,'',NULL),(2136,89,11137,27500,0,3,0,0,0,'',NULL),(2137,89,11179,27500,0,4,0,0,0,'',NULL),(2138,89,11179,27500,1,4,0,0,0,'',NULL),(2139,89,11471,27500,1,4,0,0,0,'',NULL),(2140,89,11512,30000,1,2,0,0,0,'',NULL),(2141,89,11554,27500,1,3,0,0,0,'',NULL),(2142,89,11595,27500,1,4,0,0,0,'',NULL),(2143,89,11637,27500,1,4,0,0,0,'',NULL),(2144,89,11678,27500,1,3,0,0,0,'',NULL),(2145,89,12521,27500,0,2,0,0,0,'',NULL),(2146,89,12521,27500,1,4,0,0,0,'',NULL),(2147,89,12543,2222,1,1,0,0,0,'',NULL),(2148,89,12563,27500,0,2,0,0,0,'',NULL),(2149,89,12563,27500,1,5,0,0,0,'',NULL),(2150,89,12604,27500,0,4,0,0,0,'',NULL),(2151,89,12604,27500,1,5,0,0,0,'',NULL),(2152,89,12646,27500,0,4,0,0,0,'',NULL),(2153,89,12646,27500,1,4,0,0,0,'',NULL),(2154,89,12687,27500,0,4,0,0,0,'',NULL),(2155,89,12687,29980,1,3,0,0,0,'',NULL),(2156,89,12729,27500,1,4,0,0,0,'',NULL),(2157,90,10972,29950,1,3,0,0,0,'',NULL),(2158,90,11013,30000,1,6,0,0,0,'',NULL),(2159,90,11054,29950,1,3,0,0,0,'',NULL),(2160,90,11096,29950,1,3,0,0,0,'',NULL),(2161,90,11138,29950,1,2,0,0,0,'',NULL),(2162,90,11179,30000,1,6,0,0,0,'',NULL),(2163,90,11456,2400,0,3,0,0,0,'',NULL),(2164,90,11471,29950,1,3,0,0,0,'',NULL),(2165,90,11480,3215,0,3,0,0,0,'',NULL),(2166,90,11509,29500,0,0,0,0,0,'',NULL),(2167,90,11512,29950,1,3,0,0,0,'',NULL),(2168,90,11554,29950,1,3,0,0,0,'',NULL),(2169,90,11596,29950,1,2,0,0,0,'',NULL),(2170,90,11637,30000,1,6,0,0,0,'',NULL),(2171,90,11675,30000,0,2,0,0,0,'',NULL),(2172,90,11679,29950,1,3,0,0,0,'',NULL),(2173,90,12543,34200,0,0,0,0,0,'',NULL),(2174,90,12564,29950,1,2,0,0,0,'',NULL),(2175,90,12585,35000,0,2,0,0,0,'',NULL),(2176,90,12606,35000,1,2,0,0,0,'',NULL),(2177,90,12627,35000,0,2,0,0,0,'',NULL),(2178,90,12648,29500,1,0,0,0,0,'',NULL),(2179,90,12669,35000,0,2,0,0,0,'',NULL),(2180,90,12690,29950,1,3,0,0,0,'',NULL),(2181,90,12700,11167,0,3,0,0,0,'',NULL),(2182,90,12732,29950,1,2,0,0,0,'',NULL),(2183,91,10722,30000,1,2,0,0,0,'',NULL),(2184,91,10758,27500,1,4,0,0,0,'',NULL),(2185,91,10758,30000,1,3,0,0,0,'',NULL),(2186,91,10806,30000,1,3,0,0,0,'',NULL),(2187,91,10842,30000,1,3,0,0,0,'',NULL),(2188,91,10926,27500,1,4,0,0,0,'',NULL),(2189,91,10972,30000,1,2,0,0,0,'',NULL),(2190,91,11030,27500,1,3,0,0,0,'',NULL),(2191,91,11033,3000,0,2,0,0,0,'',NULL),(2192,91,11058,13750,1,4,0,0,0,'',NULL),(2193,91,11062,4500,0,1,0,0,0,'',NULL),(2194,91,11079,9547,1,4,0,0,0,'',NULL),(2195,91,11095,11480,0,2,0,0,0,'',NULL),(2196,91,11103,30000,1,3,0,0,0,'',NULL),(2197,91,11113,8518,0,3,0,0,0,'',NULL),(2198,91,11140,30000,0,3,0,0,0,'',NULL),(2199,91,11175,30000,0,3,0,0,0,'',NULL),(2200,91,11222,30000,0,3,0,0,0,'',NULL),(2201,91,11258,30000,0,3,0,0,0,'',NULL),(2202,91,11304,8889,0,3,0,0,0,'',NULL),(2203,91,11389,30000,0,3,0,0,0,'',NULL),(2204,91,11425,30000,0,3,0,0,0,'',NULL),(2205,91,11474,27500,1,3,0,0,0,'',NULL),(2206,91,11501,13750,1,4,0,0,0,'',NULL),(2207,91,11553,27500,1,4,0,0,0,'',NULL),(2208,91,11590,3700,0,3,0,0,0,'',NULL),(2209,91,11624,22500,0,3,0,0,0,'',NULL),(2210,91,12354,3333,0,3,0,0,0,'',NULL),(2211,91,12364,13333,0,3,0,0,0,'',NULL),(2212,91,12410,20833,0,5,0,0,0,'',NULL),(2213,92,10716,24500,0,5,0,0,0,'',NULL),(2214,92,10747,25000,1,3,0,0,0,'',NULL),(2215,92,10747,25000,0,3,0,0,0,'',NULL),(2216,92,10778,25000,1,3,0,0,0,'',NULL),(2217,92,10778,25000,0,3,0,0,0,'',NULL),(2218,92,10809,25000,1,3,0,0,0,'',NULL),(2219,92,10809,25000,0,3,0,0,0,'',NULL),(2220,92,10841,25000,0,3,0,0,0,'',NULL),(2221,92,10872,25000,1,3,0,0,0,'',NULL),(2222,92,10872,25000,0,3,0,0,0,'',NULL),(2223,92,10903,25000,1,3,0,0,0,'',NULL),(2224,92,10903,25000,0,3,0,0,0,'',NULL),(2225,92,10934,25000,1,3,0,0,0,'',NULL),(2226,92,10934,25000,0,3,0,0,0,'',NULL),(2227,92,11063,1000,0,2,0,0,0,'',NULL),(2228,92,11216,25000,1,3,0,0,0,'',NULL),(2229,92,11229,25000,0,3,0,0,0,'',NULL),(2230,92,11247,24500,1,5,0,0,0,'',NULL),(2231,92,11261,25000,0,3,0,0,0,'',NULL),(2232,92,11278,25000,1,3,0,0,0,'',NULL),(2233,92,11293,25000,0,3,0,0,0,'',NULL),(2234,92,11309,25000,1,3,0,0,0,'',NULL),(2235,92,11325,25000,0,3,0,0,0,'',NULL),(2236,92,11341,25000,1,3,0,0,0,'',NULL),(2237,92,11357,24500,0,5,0,0,0,'',NULL),(2238,92,11372,25000,1,3,0,0,0,'',NULL),(2239,92,11389,24500,0,5,0,0,0,'',NULL),(2240,92,11403,25000,1,3,0,0,0,'',NULL),(2241,92,11421,25000,0,3,0,0,0,'',NULL),(2242,92,11608,5655,0,5,0,0,0,'',NULL),(2243,92,11688,1110,0,3,0,0,0,'',NULL),(2244,92,11727,28000,1,5,0,0,0,'',NULL),(2245,92,11747,28000,0,4,0,0,0,'',NULL),(2246,92,11766,28000,1,5,0,0,0,'',NULL),(2247,92,11785,28000,0,5,0,0,0,'',NULL),(2248,92,11804,28000,1,5,0,0,0,'',NULL),(2249,92,11823,30000,0,4,0,0,0,'',NULL),(2250,92,11843,30000,1,3,0,0,0,'',NULL),(2251,92,11862,28000,0,5,0,0,0,'',NULL),(2252,92,11900,28000,0,4,0,0,0,'',NULL),(2253,92,11919,28000,1,5,0,0,0,'',NULL),(2254,92,11938,28000,0,5,0,0,0,'',NULL),(2255,92,11958,28000,1,5,0,0,0,'',NULL),(2256,92,11977,30000,0,3,0,0,0,'',NULL),(2257,92,11996,28000,1,5,0,0,0,'',NULL),(2258,92,12015,30000,0,3,0,0,0,'',NULL),(2259,92,12034,30000,1,3,0,0,0,'',NULL),(2260,92,12054,30000,0,3,0,0,0,'',NULL),(2261,92,12073,28000,1,5,0,0,0,'',NULL),(2262,92,12092,28000,0,5,0,0,0,'',NULL),(2263,92,12111,30000,1,2,0,0,0,'',NULL),(2264,92,12130,28000,0,5,0,0,0,'',NULL),(2265,92,12149,28000,1,5,0,0,0,'',NULL),(2266,92,12169,30000,0,3,0,0,0,'',NULL),(2267,92,12188,28000,1,5,0,0,0,'',NULL),(2268,92,12207,30000,0,3,0,0,0,'',NULL),(2269,92,12226,27500,1,4,0,0,0,'',NULL),(2270,92,12245,30000,0,3,0,0,0,'',NULL),(2271,92,12265,28000,1,5,0,0,0,'',NULL),(2272,92,12284,30000,0,3,0,0,0,'',NULL),(2273,92,12303,27500,1,4,0,0,0,'',NULL),(2274,92,12322,30000,0,3,0,0,0,'',NULL),(2275,92,12360,30000,0,3,0,0,0,'',NULL),(2276,92,12380,30000,1,3,0,0,0,'',NULL),(2277,92,12399,30000,0,2,0,0,0,'',NULL),(2278,92,12418,28000,1,5,0,0,0,'',NULL),(2279,92,12456,30000,1,3,0,0,0,'',NULL),(2280,92,12687,27500,0,3,0,0,0,'',NULL),(2281,92,12687,28800,1,6,0,0,0,'',NULL),(2282,92,12723,27500,0,3,0,0,0,'',NULL),(2283,93,3652,14100,1,3,65535,1,0,'',''),(2284,93,3664,2815,1,3,5,1,18,'',''),(2285,93,3690,11393,1,3,0,0,0,'',NULL),(2286,93,3705,3555,1,3,0,0,0,'',NULL),(2287,93,3715,8167,0,3,12,7000,18,'192','1538'),(2289,93,3727,4500,1,3,0,0,0,'',NULL),(2290,93,3732,7250,1,3,1,1,0,'1540,1545','2816,3009'),(2291,93,3734,6500,0,2,1,1,0,'',''),(2292,93,3739,2333,1,6,0,0,0,'',NULL),(2293,93,3745,6520,1,3,0,0,0,'',NULL),(2294,93,3750,2333,1,3,1,0,0,'8190','19178'),(2295,93,3755,4418,1,5,0,0,0,'',NULL),(2296,93,3760,26000,0,5,2,65535,0,'32','1602'),(2297,93,3780,29720,1,4,0,0,0,'',NULL),(2298,93,3800,28100,0,3,0,0,0,'',NULL),(2299,93,3820,27500,1,3,3,1,0,'1545,1540','3009,2816'),(2300,93,3840,29720,0,4,22,164,0,'32','1602'),(2301,93,3860,28100,1,3,0,0,0,'',NULL),(2302,93,3880,27500,0,3,9,65535,0,'32','1602'),(2303,93,3890,11837,1,3,1,1,0,'1540,1545','2816,3009'),(2304,93,3902,2963,1,6,1,65535,0,'',''),(2305,93,3906,2814,1,3,0,0,0,'',NULL),(2306,93,3915,7260,1,4,0,0,0,'',''),(2307,93,3920,29720,0,4,1,1,0,'192','1618'),(2308,93,3940,28100,1,3,8,164,18,'192','2478'),(2309,93,3960,27500,0,3,0,0,0,'',NULL),(2310,93,3980,28100,1,3,9,164,18,'192','2478'),(2311,93,4000,29720,0,4,3,164,0,'32','1602'),(2312,93,4020,28100,1,3,0,0,0,'',NULL),(2313,93,4040,26500,0,1,0,0,0,'',NULL),(2314,93,4060,26666,1,3,3,1,0,'32','1570'),(2315,93,4065,4296,0,6,9,65535,0,'',''),(2316,93,4070,2963,0,4,0,0,0,'',''),(2317,93,4076,6500,0,2,0,0,0,'',NULL),(2318,93,4082,3185,0,4,8,4096,0,'',NULL),(2319,93,4087,3178,0,3,0,0,0,'',NULL),(2320,93,4094,5800,0,6,0,0,0,'',NULL),(2321,93,4100,29720,1,4,0,0,0,'',NULL),(2322,93,4120,27500,0,5,5,1,0,'513','1648'),(2323,93,4140,27500,1,3,2,1,0,'1540,1545','2816,3009'),(2324,93,4146,5317,0,4,29,65535,0,'',''),(2325,93,4165,5040,0,3,0,0,0,'8190','19178'),(2326,93,4172,2480,0,3,5,1,0,'1280','1616'),(2327,93,4176,2815,0,3,0,65535,0,'',''),(2328,93,4180,30000,1,3,0,0,0,'',NULL),(2329,94,10968,28800,0,3,0,0,0,'',NULL),(2330,94,11008,14400,0,3,0,0,0,'',NULL),(2331,94,11048,28800,0,4,0,0,0,'',NULL),(2332,94,11088,28800,1,3,0,0,0,'',NULL),(2333,94,11472,23200,0,3,0,0,0,'',NULL),(2334,94,11549,28500,0,4,0,0,0,'',NULL),(2335,94,11589,28800,0,3,0,0,0,'',NULL),(2336,94,11629,28800,0,3,0,0,0,'',NULL),(2337,94,11669,30000,0,3,0,0,0,'',NULL),(2338,94,12257,3096,1,3,0,0,0,'',NULL),(2339,94,12323,13330,1,3,0,0,0,'',NULL),(2340,94,12746,3096,0,3,0,0,0,'',NULL),(2341,95,12292,45000,1,3,0,0,0,'',NULL),(2342,95,12354,43000,1,3,0,0,0,'',NULL),(2343,95,12416,45000,1,3,0,0,0,'',NULL),(2344,95,12429,3330,0,1,0,0,0,'',NULL),(2345,95,12439,2500,0,1,0,0,0,'',NULL),(2346,95,12472,33500,1,3,0,0,0,'',NULL),(2347,95,12499,7200,1,3,0,0,0,'',NULL),(2348,95,12598,43000,1,3,0,0,0,'',NULL),(2349,95,12660,45000,1,3,0,0,0,'',NULL),(2350,95,12721,41250,1,1,0,0,0,'',NULL),(2352,1,1234,1234,0,0,0,0,0,NULL,NULL),(2354,93,3725,8165,0,2,1,15,0,'',''),(2355,93,3725,5000,1,0,1,1,0,'',''),(2356,93,3725,5000,0,0,0,0,0,NULL,NULL);
/*!40000 ALTER TABLE `transponder_table` ENABLE KEYS */;
UNLOCK TABLES;

--
-- Table structure for table `user_table`
--

DROP TABLE IF EXISTS `user_table`;
/*!40101 SET @saved_cs_client     = @@character_set_client */;
/*!40101 SET character_set_client = utf8 */;
CREATE TABLE `user_table` (
  `id` int(11) NOT NULL AUTO_INCREMENT,
  `role` int(11) NOT NULL DEFAULT '0' COMMENT 'role',
  `user_name` varchar(200) COLLATE utf8mb4_unicode_ci NOT NULL COMMENT 'username',
  `password` varchar(200) COLLATE utf8mb4_unicode_ci NOT NULL COMMENT 'password',
  PRIMARY KEY (`id`)
) ENGINE=InnoDB AUTO_INCREMENT=2 DEFAULT CHARSET=utf8mb4 COLLATE=utf8mb4_unicode_ci COMMENT='user table';
/*!40101 SET character_set_client = @saved_cs_client */;

--
-- Dumping data for table `user_table`
--

LOCK TABLES `user_table` WRITE;
/*!40000 ALTER TABLE `user_table` DISABLE KEYS */;
INSERT INTO `user_table` VALUES (1,0,'admin','123456');
/*!40000 ALTER TABLE `user_table` ENABLE KEYS */;
UNLOCK TABLES;
/*!40103 SET TIME_ZONE=@OLD_TIME_ZONE */;

/*!40101 SET SQL_MODE=@OLD_SQL_MODE */;
/*!40014 SET FOREIGN_KEY_CHECKS=@OLD_FOREIGN_KEY_CHECKS */;
/*!40014 SET UNIQUE_CHECKS=@OLD_UNIQUE_CHECKS */;
/*!40101 SET CHARACTER_SET_CLIENT=@OLD_CHARACTER_SET_CLIENT */;
/*!40101 SET CHARACTER_SET_RESULTS=@OLD_CHARACTER_SET_RESULTS */;
/*!40101 SET COLLATION_CONNECTION=@OLD_COLLATION_CONNECTION */;
/*!40111 SET SQL_NOTES=@OLD_SQL_NOTES */;

-- Dump completed on 2019-11-19 17:06:27
